Workbook

Sheet Kapak
A1: Ezine Hibrit RES + Batarya — Finansal Model
A2: Reel 2026 USD · %7 reel WACC · FAST standardına yakın yapı · Ekim 2026
A4: Renk kodu
A5: Mavi yazı, sarı zemin = girdi
A6: Siyah yazı = formül
A7: Python_girdileri = Python modelinden (saatlik dispatch) gelen değerler
A9: İçindekiler
A10: Girdiler | B10: Tüm varsayımlar ve senaryo seçimi (gelir yapısı, fiyat, P50/P90, teşvik, edinim primi)
A11: Python_girdileri | B11: Yıllık üretim ve batarya büyüklükleri (Python dispatch LP'leri), kaynak açıklamalı
A12: Zaman | B12: Zaman çizelgesi (COD girdiden), iskonto, YEKDEM yıllık katılım kararı
A13: Uretim | B13: Seçilen yapı ve üretim durumuna göre yıllık üretim, sistem kesintisi
A14: Gelir | B14: RES ve batarya gelir kalemleri (YEKDEM dönemi ve sonrası)
A15: OPEX | B15: İşletme giderleri, FAVÖK, augmentation/yenileme, söküm
A16: Vergi | B16: Amortisman, 5 yıllık FIFO zarar mahsubu, kurumlar vergisi, KDV (teşvik yoksa)
A17: Borc | B17: DSCR hedefli heykelsi borç, geri ödeme tablosu, DSCR, LLCR
A18: Nakit_akisi | B18: Proje ve öz kaynak nakit akışları
A19: Ozet | B19: NPV, IRR, LCOE, DSCR, geri ödeme, azami edinim primi
A20: Senaryolar | B20: 96 senaryo (48 × v1/düzeltilmiş): Python ve Excel (LibreOffice ile yeniden hesaplanmış) sonuçları
A21: Kontroller | B21: Nakit tutarlılığı, borç sıfırlanması, Python mutabakatı, formül hatası sayımı
A24: Not: Monte Carlo sonuçları (beklenen NPV, P(NPV>0)) bu deterministik modelde yoktur; Ozet sayfasında Python Monte Carlo referansı ayrıca verilir.
A26: Düzeltme notu (Ekim 2026) | B26: v1'de RES sigortası ve arazi kirası hem 35.000 $/MW-yıl'lık O&M'in (Lazard, her şey dahil) içinde hem ayrı kalem olarak sayılıyordu. Düzeltilmiş senaryo Girdiler sayfasından seçilebilir ("Sigorta + arazi çift sayımı"). Baz vaka Monte Carlo: E[NPV] −1,66 → +0,92 M$, karar (b) rafa kaldır → (a) durum tespiti + sınırlı teklif. Ayrıntı: docs/v1_duzeltme_notu.md

Sheet Girdiler
A1: Girdiler
A2: Mavi = girdi. Senaryo seçimi bu sayfadan; değerler config.yaml'dan (kaynaklarıyla).
A4: Girdi | C4: Değer | D4: Birim | E4: Kaynak / not
A5: Senaryo seçimi
A6: Gelir yapısı | C6: YEKDEM nominal | D6: liste | E6: Baz vaka: YEKDEM yıllık opsiyonu (nominal koridor) + tüccar
A7: Fiyat seviyesi | C7: Baz | D7: liste | E7: Düşük 45 / Baz 58 / Yüksek 72 USD/MWh (reel)
A8: Üretim durumu | C8: P50 | D8: liste | E8: P90 = 10 yıllık P90/P50 = 0,94 (Aşama 5)
A9: Yatırım teşvik belgesi | C9: Var | D9: liste | E9: CK 9903: KDV istisnası; yoksa KDV ön finansmanı
A10: Sigorta + arazi çift sayımı (v1 düzeltme notu) | C10: v1 (çift sayımlı) | D10: liste | E10: v1: RES O&M 35.000 $/MW-yıl (Lazard, her şey dahil) + ayrıca RES arazi ve RES sigortası. Düzeltilmiş: bu iki RES kalemi düşülür (docs/v1_duzeltme_notu.md)
A11: Edinim primi (bugünkü değer) | C11: 0 | D11: USD | E11: t = 0'da ödenir; azami prim = primsiz NPV
A12: COD yılı (ticari işletme başlangıcı) | C12: 2030 | D12: yıl | E12: Takvim P50 Kasım 2029 → yıllık modelde 2030 (Python_girdileri bu COD için)
A14: Fiyat seviyeleri
A15: Fiyat seviyesi — Düşük | C15: 45 | D15: USD/MWh | E15: config: fiyat_senaryolari.seviye
A16: Fiyat seviyesi — Baz | C16: 58 | D16: USD/MWh | E16: config: fiyat_senaryolari.seviye
A17: Fiyat seviyesi — Yüksek | C17: 72 | D17: USD/MWh | E17: config: fiyat_senaryolari.seviye
A18: Seçilen fiyat seviyesi L | C18: =IF(Girdiler!$C$7="Düşük",Girdiler!$C$15,IF(Girdiler!$C$7="Yüksek",Girdiler!$C$17,Girdiler!$C$16)) | D18: USD/MWh
A19: Yapı indeksi (1 Tüccar, 2 PPA, 3 YEKDEM nom., 4 YEKDEM end.) | C19: =(Girdiler!$C$6="Tüccar")*1+(Girdiler!$C$6="PPA")*2+(Girdiler!$C$6="YEKDEM nominal")*3+(Girdiler!$C$6="YEKDEM endeksli")*4
A20: Çift sayım düzeltmesi açık mı? (1 = düzeltilmiş) | C20: =IF(Girdiler!$C$10="Düzeltilmiş",1,0)
A21: Senaryo anahtarı (mutabakat) | C21: =Girdiler!$C$6&"|"&Girdiler!$C$7&"|"&Girdiler!$C$8&"|"&Girdiler!$C$9&IF(Girdiler!$C$20=1,"|Düzeltilmiş","")
A23: Tasarım
A24: RES kurulu gücü (14 × 4,2 MW) | C24: 58.8 | D24: MW | E24: Aşama 4 optimizasyonu
A25: Batarya gücü | C25: 30 | D25: MW | E25: Ö1: tam 30 MW SFK rezervi için 2 saat
A26: Batarya enerjisi | C26: 60 | D26: MWh
A27: Şebeke bağlantısı | C27: 50 | D27: MW
A29: CAPEX ve teknik
A30: RES CAPEX | C30: 1150000 | D30: USD/MW | E30: config: teknoloji.res.capex (IRENA/BNEF)
A31: Batarya CAPEX — enerji | C31: 110000 | D31: USD/MWh | E31: config: teknoloji.bess.capex_enerji
A32: Batarya CAPEX — güç | C32: 90000 | D32: USD/MW | E32: config: teknoloji.bess.capex_guc
A33: Şebeke CAPEX | C33: 120000 | D33: USD/MW | E33: config: teknoloji.sebeke.capex
A34: CAPEX takvimi — 1. inşaat yılı | C34: 0.4 | D34: pay | E34: config: proje.capex_takvimi
A35: CAPEX takvimi — 2. inşaat yılı | C35: 0.6 | D35: pay
A36: İşletme ömrü | C36: 30 | D36: yıl
A38: İşletme giderleri
A39: RES sabit O&M | C39: 35000 | D39: USD/MW-yıl | E39: config
A40: RES arazi | C40: 1500 | D40: USD/MW-yıl | E40: config
A41: Batarya O&M (CAPEX'e oran) | C41: 0.025 | D41: oran | E41: config
A42: Sigorta (CAPEX'e oran) | C42: 0.0035 | D42: oran | E42: config
A43: TEİAŞ kapasite bedeli | C43: 3470 | D43: USD/MW-yıl | E43: config
A44: TEİAŞ enerji bedeli | C44: 3.8 | D44: USD/MWh | E44: config
A45: Batarya yıpranma maliyeti | C45: 6 | D45: USD/MWh deşarj | E45: config
A46: RES dengesizlik maliyeti (gelire oran) | C46: 0.04 | D46: oran | E46: config; YEKDEM'de de tesiste (YEK Yön. md. 18)
A47: Eşzamanlılık düzeltmesi (RES, tüccar payı) | C47: 0.048 | D47: oran | E47: config
A48: YEK-G geliri | C48: 0.1 | D48: USD/MWh | E48: EPİAŞ YEK-G
A49: Dengesizlik azaltımı — azami oran | C49: 0.6 | D49: oran | E49: TAHMİN
A50: Dengesizlik azaltımı — doyum (batarya/RES MW) | C50: 0.2 | D50: oran | E50: TAHMİN
... A55: Söküm — RES (net) | C55: 0 | D55: USD/MW | E55: config
A57: Sistem kesintisi (TEİAŞ YAT)
A58: Tazmin oranı (beklenen) | C58: 0.5 | D58: oran | E58: TAHMİN, U(0,1) ortalaması (docs/07 §1)
A59: Kesilen enerjinin değer faktörü / PTF_talimat/YEKF | C59: 0.89332177 | D59: oran | E59: Talimat saatlerinde fiyat ortalamanın altında
A60: Batarya kurtarma payı — tüccar (gelir) | C60: 0.1576 | D60: oran | E60: Kesinti LP'si
A61: Batarya kurtarma payı — YEKDEM (enerji) | C61: 0.35 | D61: oran | E61: Kurtarılan enerji YEKDEM fiyatından ödenir
A63: Gelir yapıları
A64: PPA payı (%70 × P90/P50) | C64: 0.658 | D64: oran | E64: config: gelir_yigini.ppa
A65: PPA süresi | C65: 12 | D65: yıl
A66: PPA fiyatı (58 × (1 − %10)) | C66: 52.2 | D66: USD/MWh | E66: TAHMİN iskonto
A67: YEKDEM nominal fiyatı (koridor içi, beklenen) | C67: 5.6 | D67: USD ¢/kWh | E67: CK 7189: 4,95–6,05; üçgen ortalaması
A68: YEKDEM hak süresi (COD'dan) | C68: 10 | D68: yıl | E68: YEK Yön. md. 8/1
A69: YEKDEM katılım eşiği (YEKDEM reel > eşik × beklenen PTF) | C69: 1.066 | D69: kat | E69: config: yekdem_opsiyon (karar 30 Kasım t−1)
A71: Finansman ve vergi
A72: Reel WACC | C72: 0.07 | D72: oran | E72: config
A73: ABD enflasyonu | C73: 0.025 | D73: oran | E73: config
A74: Kurumlar vergisi | C74: 0.25 | D74: oran | E74: config
A75: Amortisman süresi | C75: 10 | D75: yıl | E75: config (tüm sınıflar 10 yıl)
A76: Hedef DSCR — tüccar payı | C76: 1.3 | D76: kat | E76: config: borc
A77: Hedef DSCR — sözleşmeli pay (PPA/YEKDEM) | C77: 1.2 | D77: kat | E77: config: gelir_yigini.ppa.dscr
A78: Borç vadesi (tüccar/YEKDEM) | C78: 15 | D78: yıl | E78: config: borc.vade
A79: Borç vadesi (PPA) | C79: 18 | D79: yıl | E79: config: gelir_yigini.ppa.borc_vadesi
A80: Nominal faiz | C80: 0.08 | D80: oran | E80: config
A81: Azami borç / CAPEX | C81: 0.75 | D81: oran | E81: config
A82: KDV oranı | C82: 0.2 | D82: oran | E82: config: tesvik
A83: KDV'ye tabi CAPEX payı | C83: 0.85 | D83: oran | E83: TAHMİN
A84: Devreden KDV'nin reel aşınması | C84: 0.2 | D84: oran/yıl | E84: TAHMİN (TL)
A86: Türetilmiş
A87: RES CAPEX toplam | C87: =Girdiler!$C$24*Girdiler!$C$30 | D87: USD
A88: Batarya CAPEX toplam | C88: =Girdiler!$C$25*Girdiler!$C$32+Girdiler!$C$26*Girdiler!$C$31 | D88: USD
A89: Şebeke CAPEX toplam | C89: =Girdiler!$C$27*Girdiler!$C$33 | D89: USD
A90: CAPEX toplam | C90: =Girdiler!$C$87+Girdiler!$C$88+Girdiler!$C$89 | D90: USD
A91: Yapı YEKDEM mi? | C91: =IF(Girdiler!$C$19>=3,1,0)
A92: Borç vadesi (seçilen yapı) | C92: =IF(Girdiler!$C$19=2,Girdiler!$C$79,Girdiler!$C$78)
A93: Nominal CAPEX (borç tavanı için) | C93: =Girdiler!$C$90*(Girdiler!$C$34*(1+Girdiler!$C$73)+Girdiler!$C$35*(1+Girdiler!$C$73)^2)

Sheet Python_girdileri
A1: Python girdileri — saatlik dispatch LP'lerinden yıllık birim büyüklükler (işletme yılı 1–30, COD 2030)
A2: Kaynak: src/08_excel_model.py → src/risk/degerleme.nakit_akislari (X matrisi). Deterministik baz: 10 hava yılı × 2 fiyat şekli ortalaması, kanibalizasyon 'devam' + ortak batarya sürücüsü, baz doyum SFK yolu, beklenen sistem kesintisi. *_q = Σ üretim × birim fiyat şekli (fiyat seviyesi 1 için; gelir = L × *_q), E_* = MWh, yh_a = SFK birimi (gelir = a × yh_a).
A3: Rejimler: T = tüccar dispatch'i (tüccar ve finansal PPA), Y0 = YEKDEM tablosunun katılımsız dilimi, Y1 = YEKDEM'e katılım (deşarj da YEKDEM fiyatından → arbitraj yok). P90: RES çarpanı 0,94. COD değişirse bu takvim bağımlı girdiler kaydırılmaz.
A5: İşletme yılı | B5: Takvim yılı (COD 2030) | C5: SFK fiyat çarpanı a | D5: Beklenen kesinti oranı κ | E5: T_P50_gelir_res_q | F5: T_P50_E_res | G5: T_P50_gelir_d_q | H5: T_P50_E_d | I5: T_P50_yh_a | J5: T_P50_rezerv | K5: T_P50_E_k | L5: T_P50_E_A | M5: T_P90_gelir_res_q | N5: T_P90_E_res | O5: T_P90_gelir_d_q | P5: T_P90_E_d | Q5: T_P90_yh_a | R5: T_P90_rezerv | S5: T_P90_E_k | T5: T_P90_E_A | U5: Y0_P50_gelir_res_q | V5: Y0_P50_E_res | W5: Y0_P50_gelir_d_q | X5: Y0_P50_E_d | Y5: Y0_P50_yh_a | Z5: Y0_P50_rezerv | AA5: Y0_P50_E_k | AB5: Y0_P50_E_A | AC5: Y0_P90_gelir_res_q | AD5: Y0_P90_E_res | AE5: Y0_P90_gelir_d_q | AF5: Y0_P90_E_d | AG5: Y0_P90_yh_a | AH5: Y0_P90_rezerv | AI5: Y0_P90_E_k | AJ5: Y0_P90_E_A | AK5: Y1_P50_gelir_res_q | AL5: Y1_P50_E_res | AM5: Y1_P50_gelir_d_q | AN5: Y1_P50_E_d | AO5: Y1_P50_yh_a | AP5: Y1_P50_rezerv | AQ5: Y1_P50_E_k | AR5: Y1_P50_E_A | AS5: Y1_P90_gelir_res_q | AT5: Y1_P90_E_res | AU5: Y1_P90_gelir_d_q | AV5: Y1_P90_E_d | AW5: Y1_P90_yh_a | AX5: Y1_P90_rezerv | AY5: Y1_P90_E_k | AZ5: Y1_P90_E_A
A6: 1 | B6: 2030 | C6: 0.048463042 | D6: 0.065921494 | E6: 178164.54 | F6: 163164.27 | G6: 27427.28 | H6: 18963 | I6: 7333492.8 | J6: 145260.86 | K6: 9053.8591 | L6: 194014.68 | M6: 168171.94 | N6: 152919.76 | O6: 28127.387 | P6: 19411.708 | Q6: 7220055.2 | R6: 143301.92 | S6: 7141.7344 | T6: 182373.8 | U6: 178164.54 | V6: 163164.27 | W6: 27427.28 | X6: 18963 | Y6: 7333492.8 | Z6: 145260.86 | AA6: 9053.8591 | AB6: 194014.68 | AC6: 168171.94 | AD6: 152919.76 | AE6: 28127.387 | AF6: 19411.708 | AG6: 7220055.2 | AH6: 143301.92 | AI6: 7141.7344 | AJ6: 182373.8 | AK6: 190433.54 | AL6: 190908.3 | AM6: 1760.9393 | AN6: 1562.2085 | AO6: 12166155 | AP6: 253578.96 | AQ6: 1310.7358 | AR6: 194014.68 | AS6: 181791.35 | AT6: 182373.8 | AU6: 2.2217468e-13 | AV6: 1.7833667e-13 | AW6: 12528933 | AX6: 262800 | AY6: 0 | AZ6: 182373.8
A7: 2 | B7: 2031 | C7: 0.048463042 | D7: 0.067981794 | E7: 176980.96 | F7: 161730.9 | G7: 28237.837 | H7: 19330.326 | I7: 7209097.7 | J7: 141220.48 | K7: 9482.9749 | L7: 193432.64 | M7: 166920.78 | N7: 151434.4 | O7: 29000.087 | P7: 19820.005 | Q7: 7089673.5 | R7: 138961.05 | S7: 7610.6656 | T7: 181826.68 | U7: 176980.96 | V7: 161730.9 | W7: 28237.837 | X7: 19330.326 | Y7: 7209097.7 | Z7: 141220.48 | AA7: 9482.9749 | AB7: 193432.64 | AC7: 166920.78 | AD7: 151434.4 | AE7: 29000.087 | AF7: 19820.005 | AG7: 7089673.5 | AH7: 138961.05 | AI7: 7610.6656 | AJ7: 181826.68 | AK7: 189468.47 | AL7: 190481.58 | AM7: 1678.1582 | AN7: 1484.0981 | AO7: 12184294 | AP7: 254040.01 | AQ7: 1245.199 | AR7: 193432.64 | AS7: 180721.13 | AT7: 181826.68 | AU7: 2.1986519e-13 | AV7: 1.655338e-13 | AW7: 12528933 | AX7: 262800 | AY7: 0 | AZ7: 181826.68
A8: 3 | B8: 2032 | C8: 0.048463042 | D8: 0.070038772 | E8: 175815.09 | F8: 160318.96 | G8: 29036.197 | H8: 19693.421 | I8: 7086438.2 | J8: 137233.48 | K8: 9897.2627 | L8: 192852.34 | M8: 165689.95 | N8: 149975.94 | O8: 29854.469 | P8: 20219.268 | Q8: 6962304.8 | R8: 134722.45 | S8: 8064.7232 | T8: 181281.2 | U8: 175815.09 | V8: 160318.96 | W8: 29036.197 | X8: 19693.421 | Y8: 7086438.2 | Z8: 137233.48 | AA8: 9897.2627 | AB8: 192852.34 | AC8: 165689.95 | AD8: 149975.94 | AE8: 29854.469 | AF8: 20219.268 | AG8: 6962304.8 | AH8: 134722.45 | AI8: 8064.7232 | AJ8: 181281.2 | AK8: 188517.66 | AL8: 190056.13 | AM8: 1594.9736 | AN8: 1406.222 | AO8: 12202379 | AP8: 254499.68 | AQ8: 1179.8588 | AR8: 192852.34 | AS8: 179667.76 | AT8: 181281.2 | AU8: 2.1704078e-13 | AV8: 1.5284183e-13 | AW8: 12528933 | AX8: 262800 | AY8: 0 | AZ8: 181281.2
A9: 4 | B9: 2033 | C9: 0.048463042 | D9: 0.072079548 | E9: 174715.88 | F9: 158992.19 | G9: 29778.072 | H9: 20018.716 | I9: 6972932.3 | J9: 133596.22 | K9: 10271.577 | L9: 192273.78 | M9: 164533.16 | N9: 148611.6 | O9: 30641.8 | P9: 20572.539 | Q9: 6845851 | R9: 130904.26 | S9: 8479.1605 | T9: 180737.35 | U9: 174715.88 | V9: 158992.19 | W9: 29778.072 | X9: 20018.716 | Y9: 6972932.3 | Z9: 133596.22 | AA9: 10271.577 | AB9: 192273.78 | AC9: 164533.16 | AD9: 148611.6 | AE9: 30641.8 | AF9: 20572.539 | AG9: 6845851 | AH9: 130904.26 | AI9: 8479.1605 | AJ9: 180737.35 | AK9: 187582.91 | AL9: 189631.96 | AM9: 1511.3891 | AN9: 1328.5795 | AO9: 12220409 | AP9: 254957.97 | AQ9: 1114.7146 | AR9: 192273.78 | AS9: 178632.9 | AT9: 180737.35 | AU9: 2.122534e-13 | AV9: 1.4242998e-13 | AW9: 12528933 | AX9: 262800 | AY9: 0 | AZ9: 180737.35
A10: 5 | B10: 2034 | C10: 0.048463042 | D10: 0.074088829 | E10: 174250.4 | F10: 158523.15 | G10: 29780.836 | H10: 20036.569 | I10: 6971640.2 | J10: 133608.04 | K10: 10143.275 | L10: 191696.96 | M10: 163994.78 | N10: 148107.48 | O10: 30641.897 | P10: 20588.627 | Q10: 6850281.5 | R10: 131049.48 | S10: 8422.5749 | T10: 180195.14 | U10: 174250.4 | V10: 158523.15 | W10: 29780.836 | X10: 20036.569 | Y10: 6971640.2 | Z10: 133608.04 | AA10: 10143.275 | AB10: 191696.96 | AC10: 163994.78 | AD10: 148107.48 | AE10: 30641.897 | AF10: 20588.627 | AG10: 6850281.5 | AH10: 131049.48 | AI10: 8422.5749 | AJ10: 180195.14 | AK10: 187199.72 | AL10: 189209.07 | AM10: 1422.9611 | AN10: 1251.17 | AO10: 12238385 | AP10: 255414.89 | AQ10: 1049.7659 | AR10: 191696.96 | AS10: 178140.07 | AT10: 180195.14 | AU10: 2.0889165e-13 | AV10: 1.3926769e-13 | AW10: 12528933 | AX10: 262800 | AY10: 0 | AZ10: 180195.14
A11: 6 | B11: 2035 | C11: 0.048463042 | D11: 0.076048533 | E11: 173800.83 | F11: 158074.97 | G11: 29768.582 | H11: 20045.056 | I11: 6972789.9 | J11: 133710.23 | K11: 10006.602 | L11: 191121.87 | M11: 163473.35 | N11: 147624.81 | O11: 30625.95 | P11: 20594.645 | Q11: 6857230.1 | R11: 131288.91 | S11: 8357.7361 | T11: 179654.56 | U11: 173800.83 | V11: 158074.97 | W11: 29768.582 | X11: 20045.056 | Y11: 6972789.9 | Z11: 133710.23 | AA11: 10006.602 | AB11: 191121.87 | AC11: 163473.35 | AD11: 147624.81 | AE11: 30625.95 | AF11: 20594.645 | AG11: 6857230.1 | AH11: 131288.91 | AI11: 8357.7361 | AJ11: 179654.56 | AK11: 186822.36 | AL11: 188787.44 | AM11: 1334.8063 | AN11: 1173.9927 | AO11: 12256307 | AP11: 255870.43 | AQ11: 985.01204 | AR11: 191121.87 | AS11: 177653.08 | AT11: 179654.56 | AU11: 2.0523684e-13 | AV11: 1.3659299e-13 | AW11: 12528933 | AX11: 262800 | AY11: 0 | AZ11: 179654.56
A12: 7 | B12: 2036 | C12: 0.048463042 | D12: 0.079514812 | E12: 173284.66 | F12: 157535.15 | G12: 29839.73 | H12: 20085.019 | I12: 6961405 | J12: 133416.19 | K12: 9927.1211 | L12: 190548.5 | M12: 162888.82 | N12: 147051.79 | O12: 30697.767 | P12: 20634.55 | Q12: 6850811.1 | R12: 131103.33 | S12: 8345.9267 | T12: 179115.59 | U12: 173284.66 | V12: 157535.15 | W12: 29839.73 | X12: 20085.019 | Y12: 6961405 | Z12: 133416.19 | AA12: 9927.1211 | AB12: 190548.5 | AC12: 162888.82 | AD12: 147051.79 | AE12: 30697.767 | AF12: 20634.55 | AG12: 6850811.1 | AH12: 131103.33 | AI12: 8345.9267 | AJ12: 179115.59 | AK12: 186377.88 | AL12: 188367.08 | AM12: 1247.4652 | AN12: 1097.0469 | AO12: 12274176 | AP12: 256324.61 | AQ12: 920.45242 | AR12: 190548.5 | AS12: 177100.9 | AT12: 179115.59 | AU12: 2.0105638e-13 | AV12: 1.3349463e-13 | AW12: 12528933 | AX12: 262800 | AY12: 0 | AZ12: 179115.59
A13: 8 | B13: 2037 | C13: 0.048463042 | D13: 0.083119742 | E13: 172782.43 | F13: 157012.89 | G13: 29899.632 | H13: 20116.59 | I13: 6951880.5 | J13: 133195.87 | K13: 9841.4472 | L13: 189976.86 | M13: 162319.42 | N13: 146497.24 | O13: 30757.256 | P13: 20665.234 | Q13: 6846379.2 | R13: 130997.15 | S13: 8327.8667 | T13: 178578.25 | U13: 172782.43 | V13: 157012.89 | W13: 29899.632 | X13: 20116.59 | Y13: 6951880.5 | Z13: 133195.87 | AA13: 9841.4472 | AB13: 189976.86 | AC13: 162319.42 | AD13: 146497.24 | AE13: 30757.256 | AF13: 20665.234 | AG13: 6846379.2 | AH13: 130997.15 | AI13: 8327.8667 | AJ13: 178578.25 | AK13: 185935.46 | AL13: 187947.98 | AM13: 1160.3609 | AN13: 1020.332 | AO13: 12291991 | AP13: 256777.42 | AQ13: 856.08648 | AR13: 189976.86 | AS13: 176551.18 | AT13: 178578.25 | AU13: 1.9660221e-13 | AV13: 1.3095519e-13 | AW13: 12528933 | AX13: 262800 | AY13: 0 | AZ13: 178578.25
A14: 9 | B14: 2038 | C14: 0.048463042 | D14: 0.086868869 | E14: 172282.3 | F14: 156492.88 | G14: 29958.81 | H14: 20147.95 | I14: 6942453.1 | J14: 132978.06 | K14: 9755.4874 | L14: 189406.93 | M14: 161752.23 | N14: 145945.04 | O14: 30815.946 | P14: 20695.653 | Q14: 6842058.3 | R14: 130894.13 | S14: 8309.3646 | T14: 178042.51 | U14: 172282.3 | V14: 156492.88 | W14: 29958.81 | X14: 20147.95 | Y14: 6942453.1 | Z14: 132978.06 | AA14: 9755.4874 | AB14: 189406.93 | AC14: 161752.23 | AD14: 145945.04 | AE14: 30815.946 | AF14: 20695.653 | AG14: 6842058.3 | AH14: 130894.13 | AI14: 8309.3646 | AJ14: 178042.51 | AK14: 185495.05 | AL14: 187530.13 | AM14: 1073.4944 | AN14: 943.84717 | AO14: 12309752 | AP14: 257228.88 | AQ14: 791.91364 | AR14: 189406.93 | AS14: 176003.86 | AT14: 178042.51 | AU14: 1.9219693e-13 | AV14: 1.2842625e-13 | AW14: 12528933 | AX14: 262800 | AY14: 0 | AZ14: 178042.51
A15: 10 | B15: 2039 | C15: 0.048463042 | D15: 0.090767961 | E15: 171784.24 | F15: 155975.07 | G15: 30017.286 | H15: 20179.103 | I15: 6933120.3 | J15: 132762.7 | K15: 9669.2656 | L15: 188838.71 | M15: 161187.21 | N15: 145395.17 | O15: 30873.865 | P15: 20725.814 | Q15: 6837844.1 | R15: 130794.13 | S15: 8290.4427 | T15: 177508.38 | U15: 171784.24 | V15: 155975.07 | W15: 30017.286 | X15: 20179.103 | Y15: 6933120.3 | Z15: 132762.7 | AA15: 9669.2656 | AB15: 188838.71 | AC15: 161187.21 | AD15: 145395.17 | AE15: 30873.865 | AF15: 20725.814 | AG15: 6837844.1 | AH15: 130794.13 | AI15: 8290.4427 | AJ15: 177508.38 | AK15: 185056.64 | AL15: 187113.54 | AM15: 986.86622 | AN15: 867.59183 | AO15: 12327460 | AP15: 257678.98 | AQ15: 727.93332 | AR15: 188838.71 | AS15: 175458.91 | AT15: 177508.38 | AU15: 1.878385e-13 | AV15: 1.2590747e-13 | AW15: 12528933 | AX15: 262800 | AY15: 0 | AZ15: 177508.38
A16: 11 | B16: 2040 | C16: 0.048463042 | D16: 0.094823017 | E16: 171288.2 | F16: 155459.44 | G16: 30075.08 | H16: 20210.052 | I16: 6923879.8 | J16: 132549.74 | K16: 9582.8046 | L16: 188272.19 | M16: 160624.33 | N16: 144847.58 | O16: 30931.035 | P16: 20755.725 | Q16: 6833732.7 | R16: 130697.04 | S16: 8271.1224 | T16: 176975.86 | U16: 171288.2 | V16: 155459.44 | W16: 30075.08 | X16: 20210.052 | Y16: 6923879.8 | Z16: 132549.74 | AA16: 9582.8046 | AB16: 188272.19 | AC16: 160624.33 | AD16: 144847.58 | AE16: 30931.035 | AF16: 20755.725 | AG16: 6833732.7 | AH16: 130697.04 | AI16: 8271.1224 | AJ16: 176975.86 | AK16: 184620.19 | AL16: 186698.2 | AM16: 900.47683 | AN16: 791.56525 | AO16: 12345115 | AP16: 258127.73 | AQ16: 664.14494 | AR16: 188272.19 | AS16: 174916.3 | AT16: 176975.86 | AU16: 1.8352502e-13 | AV16: 1.2339852e-13 | AW16: 12528933 | AX16: 262800 | AY16: 0 | AZ16: 176975.86
A17: 12 | B17: 2041 | C17: 0.048463042 | D17: 0.099040275 | E17: 170794.16 | F17: 154945.96 | G17: 30132.213 | H17: 20240.803 | I17: 6914729.2 | J17: 132339.1 | K17: 9496.1262 | L17: 187707.37 | M17: 160063.57 | N17: 144302.25 | O17: 30987.482 | P17: 20785.393 | Q17: 6829720.3 | R17: 130602.75 | S17: 8251.424 | T17: 176444.93 | U17: 170794.16 | V17: 154945.96 | W17: 30132.213 | X17: 20240.803 | Y17: 6914729.2 | Z17: 132339.1 | AA17: 9496.1262 | AB17: 187707.37 | AC17: 160063.57 | AD17: 144302.25 | AE17: 30987.482 | AF17: 20785.393 | AG17: 6829720.3 | AH17: 130602.75 | AI17: 8251.424 | AJ17: 176444.93 | AK17: 184185.67 | AL17: 186284.1 | AM17: 814.32671 | AN17: 715.76675 | AO17: 12362717 | AP17: 258575.14 | AQ17: 600.54792 | AR17: 187707.37 | AS17: 174375.99 | AT17: 176444.93 | AU17: 1.7925466e-13 | AV17: 1.208991e-13 | AW17: 12528933 | AX17: 262800 | AY17: 0 | AZ17: 176444.93
... A35: 30 | B35: 2059 | C35: 0.048463042 | D35: 0.21151973 | E35: 161383.58 | F35: 145506.45 | G35: 31076.433 | H35: 20766.068 | I35: 6805330.4 | J35: 129863.03 | K35: 8450.066 | L35: 177825.56 | M35: 150307.51 | N35: 134840.04 | O35: 31902.366 | P35: 21284.582 | Q35: 6770836.5 | R35: 129279.95 | S35: 7850.9523 | T35: 167156.02 | U35: 161383.58 | V35: 145506.45 | W35: 31076.433 | X35: 20766.068 | Y35: 6805330.4 | Z35: 129863.03 | AA35: 8450.066 | AB35: 177825.56 | AC35: 150307.51 | AD35: 134840.04 | AE35: 31902.366 | AF35: 21284.582 | AG35: 6770836.5 | AH35: 129279.95 | AI35: 7850.9523 | AJ35: 167156.02 | AK35: 175541.89 | AL35: 177825.56 | AM35: 1.8673557e-13 | AN35: 1.3007553e-13 | AO35: 12528933 | AP35: 262800 | AQ35: 0 | AR35: 177825.56 | AS35: 165009.38 | AT35: 167156.02 | AU35: 1.0814041e-13 | AV35: 7.7291204e-14 | AW35: 12528933 | AX35: 262800 | AY35: 0 | AZ35: 167156.02

Sheet Zaman
A1: Zaman çizelgesi ve YEKDEM yıllık katılım kararı
A4: Kalem | B4: Birim | C4: Not / kaynak | D4: Toplam / değer | E4: t0 (bugün) | F4: 2026 | G4: 2027 | H4: 2028 | I4: 2029 | J4: 2030 | K4: 2031 | L4: 2032 | M4: 2033 | N4: 2034 | O4: 2035 | P4: 2036 | Q4: 2037 | R4: 2038 | S4: 2039 | T4: 2040 | U4: 2041 | V4: 2042 | W4: 2043 | X4: 2044 | Y4: 2045 | Z4: 2046 | AA4: 2047 | AB4: 2048 | AC4: 2049 | AD4: 2050 | AE4: 2051 | AF4: 2052 | AG4: 2053 | AH4: 2054 | AI4: 2055 | AJ4: 2056 | AK4: 2057 | AL4: 2058 | AM4: 2059 | AN4: 2060 | AO4: 2061 | AP4: 2062 | AQ4: 2063 | AR4: 2064
A6: Takvim yılı | B6: yıl | E6: 2025 | F6: 2026 | G6: 2027 | H6: 2028 | I6: 2029 | J6: 2030 | K6: 2031 | L6: 2032 | M6: 2033 | N6: 2034 | O6: 2035 | P6: 2036 | Q6: 2037 | R6: 2038 | S6: 2039 | T6: 2040 | U6: 2041 | V6: 2042 | W6: 2043 | X6: 2044 | Y6: 2045 | Z6: 2046 | AA6: 2047 | AB6: 2048 | AC6: 2049 | AD6: 2050 | AE6: 2051 | AF6: 2052 | AG6: 2053 | AH6: 2054 | AI6: 2055 | AJ6: 2056 | AK6: 2057 | AL6: 2058 | AM6: 2059 | AN6: 2060 | AO6: 2061 | AP6: 2062 | AQ6: 2063 | AR6: 2064
A7: İskonto dönemi t | E7: 0 | F7: 1 | G7: 2 | H7: 3 | I7: 4 | J7: 5 | K7: 6 | L7: 7 | M7: 8 | N7: 9 | O7: 10 | P7: 11 | Q7: 12 | R7: 13 | S7: 14 | T7: 15 | U7: 16 | V7: 17 | W7: 18 | X7: 19 | Y7: 20 | Z7: 21 | AA7: 22 | AB7: 23 | AC7: 24 | AD7: 25 | AE7: 26 | AF7: 27 | AG7: 28 | AH7: 29 | AI7: 30 | AJ7: 31 | AK7: 32 | AL7: 33 | AM7: 34 | AN7: 35 | AO7: 36 | AP7: 37 | AQ7: 38 | AR7: 39
A8: İnşaat CAPEX payı | B8: pay | D8: =SUM(F8:AR8) | E8: 0 | F8: =IF('Zaman'!F6=Girdiler!$C$12-2,Girdiler!$C$34,IF('Zaman'!F6=Girdiler!$C$12-1,Girdiler!$C$35,0)) | G8: =IF('Zaman'!G6=Girdiler!$C$12-2,Girdiler!$C$34,IF('Zaman'!G6=Girdiler!$C$12-1,Girdiler!$C$35,0)) | H8: =IF('Zaman'!H6=Girdiler!$C$12-2,Girdiler!$C$34,IF('Zaman'!H6=Girdiler!$C$12-1,Girdiler!$C$35,0)) | I8: =IF('Zaman'!I6=Girdiler!$C$12-2,Girdiler!$C$34,IF('Zaman'!I6=Girdiler!$C$12-1,Girdiler!$C$35,0)) | J8: =IF('Zaman'!J6=Girdiler!$C$12-2,Girdiler!$C$34,IF('Zaman'!J6=Girdiler!$C$12-1,Girdiler!$C$35,0)) | K8: =IF('Zaman'!K6=Girdiler!$C$12-2,Girdiler!$C$34,IF('Zaman'!K6=Girdiler!$C$12-1,Girdiler!$C$35,0)) | L8: =IF('Zaman'!L6=Girdiler!$C$12-2,Girdiler!$C$34,IF('Zaman'!L6=Girdiler!$C$12-1,Girdiler!$C$35,0)) | M8: =IF('Zaman'!M6=Girdiler!$C$12-2,Girdiler!$C$34,IF('Zaman'!M6=Girdiler!$C$12-1,Girdiler!$C$35,0)) | ... AR8: =IF('Zaman'!AR6=Girdiler!$C$12-2,Girdiler!$C$34,IF('Zaman'!AR6=Girdiler!$C$12-1,Girdiler!$C$35,0))
A9: İşletme yılı k | E9: 0 | F9: =IF(AND('Zaman'!F6>=Girdiler!$C$12,'Zaman'!F6<Girdiler!$C$12+Girdiler!$C$36),'Zaman'!F6-Girdiler!$C$12+1,0) | G9: =IF(AND('Zaman'!G6>=Girdiler!$C$12,'Zaman'!G6<Girdiler!$C$12+Girdiler!$C$36),'Zaman'!G6-Girdiler!$C$12+1,0) | H9: =IF(AND('Zaman'!H6>=Girdiler!$C$12,'Zaman'!H6<Girdiler!$C$12+Girdiler!$C$36),'Zaman'!H6-Girdiler!$C$12+1,0) | I9: =IF(AND('Zaman'!I6>=Girdiler!$C$12,'Zaman'!I6<Girdiler!$C$12+Girdiler!$C$36),'Zaman'!I6-Girdiler!$C$12+1,0) | J9: =IF(AND('Zaman'!J6>=Girdiler!$C$12,'Zaman'!J6<Girdiler!$C$12+Girdiler!$C$36),'Zaman'!J6-Girdiler!$C$12+1,0) | K9: =IF(AND('Zaman'!K6>=Girdiler!$C$12,'Zaman'!K6<Girdiler!$C$12+Girdiler!$C$36),'Zaman'!K6-Girdiler!$C$12+1,0) | L9: =IF(AND('Zaman'!L6>=Girdiler!$C$12,'Zaman'!L6<Girdiler!$C$12+Girdiler!$C$36),'Zaman'!L6-Girdiler!$C$12+1,0) | M9: =IF(AND('Zaman'!M6>=Girdiler!$C$12,'Zaman'!M6<Girdiler!$C$12+Girdiler!$C$36),'Zaman'!M6-Girdiler!$C$12+1,0) | ... AR9: =IF(AND('Zaman'!AR6>=Girdiler!$C$12,'Zaman'!AR6<Girdiler!$C$12+Girdiler!$C$36),'Zaman'!AR6-Girdiler!$C$12+1,0)
A10: İskonto faktörü (1 + WACC)^−t | E10: 1 | F10: =1/(1+Girdiler!$C$72)^'Zaman'!F7 | G10: =1/(1+Girdiler!$C$72)^'Zaman'!G7 | H10: =1/(1+Girdiler!$C$72)^'Zaman'!H7 | I10: =1/(1+Girdiler!$C$72)^'Zaman'!I7 | J10: =1/(1+Girdiler!$C$72)^'Zaman'!J7 | K10: =1/(1+Girdiler!$C$72)^'Zaman'!K7 | L10: =1/(1+Girdiler!$C$72)^'Zaman'!L7 | M10: =1/(1+Girdiler!$C$72)^'Zaman'!M7 | ... AR10: =1/(1+Girdiler!$C$72)^'Zaman'!AR7
A11: Enflasyon endeksi (1 + π)^(2 + k) | E11: 0 | F11: =IF('Zaman'!F9>0,(1+Girdiler!$C$73)^(2+'Zaman'!F9),0) | G11: =IF('Zaman'!G9>0,(1+Girdiler!$C$73)^(2+'Zaman'!G9),0) | H11: =IF('Zaman'!H9>0,(1+Girdiler!$C$73)^(2+'Zaman'!H9),0) | I11: =IF('Zaman'!I9>0,(1+Girdiler!$C$73)^(2+'Zaman'!I9),0) | J11: =IF('Zaman'!J9>0,(1+Girdiler!$C$73)^(2+'Zaman'!J9),0) | K11: =IF('Zaman'!K9>0,(1+Girdiler!$C$73)^(2+'Zaman'!K9),0) | L11: =IF('Zaman'!L9>0,(1+Girdiler!$C$73)^(2+'Zaman'!L9),0) | M11: =IF('Zaman'!M9>0,(1+Girdiler!$C$73)^(2+'Zaman'!M9),0) | ... AR11: =IF('Zaman'!AR9>0,(1+Girdiler!$C$73)^(2+'Zaman'!AR9),0)
A12: LCOE iskontosu (inşaat başından) | E12: 0 | F12: =IF('Zaman'!F6>=Girdiler!$C$12-2,1/(1+Girdiler!$C$72)^('Zaman'!F6-(Girdiler!$C$12-2)+1),0) | G12: =IF('Zaman'!G6>=Girdiler!$C$12-2,1/(1+Girdiler!$C$72)^('Zaman'!G6-(Girdiler!$C$12-2)+1),0) | H12: =IF('Zaman'!H6>=Girdiler!$C$12-2,1/(1+Girdiler!$C$72)^('Zaman'!H6-(Girdiler!$C$12-2)+1),0) | I12: =IF('Zaman'!I6>=Girdiler!$C$12-2,1/(1+Girdiler!$C$72)^('Zaman'!I6-(Girdiler!$C$12-2)+1),0) | J12: =IF('Zaman'!J6>=Girdiler!$C$12-2,1/(1+Girdiler!$C$72)^('Zaman'!J6-(Girdiler!$C$12-2)+1),0) | K12: =IF('Zaman'!K6>=Girdiler!$C$12-2,1/(1+Girdiler!$C$72)^('Zaman'!K6-(Girdiler!$C$12-2)+1),0) | L12: =IF('Zaman'!L6>=Girdiler!$C$12-2,1/(1+Girdiler!$C$72)^('Zaman'!L6-(Girdiler!$C$12-2)+1),0) | M12: =IF('Zaman'!M6>=Girdiler!$C$12-2,1/(1+Girdiler!$C$72)^('Zaman'!M6-(Girdiler!$C$12-2)+1),0) | ... AR12: =IF('Zaman'!AR6>=Girdiler!$C$12-2,1/(1+Girdiler!$C$72)^('Zaman'!AR6-(Girdiler!$C$12-2)+1),0)
A13: Python girdisi var mı (1 ≤ k ≤ 30) | E13: 0 | F13: =IF(AND('Zaman'!F9>=1,'Zaman'!F9<=30),1,0) | G13: =IF(AND('Zaman'!G9>=1,'Zaman'!G9<=30),1,0) | H13: =IF(AND('Zaman'!H9>=1,'Zaman'!H9<=30),1,0) | I13: =IF(AND('Zaman'!I9>=1,'Zaman'!I9<=30),1,0) | J13: =IF(AND('Zaman'!J9>=1,'Zaman'!J9<=30),1,0) | K13: =IF(AND('Zaman'!K9>=1,'Zaman'!K9<=30),1,0) | L13: =IF(AND('Zaman'!L9>=1,'Zaman'!L9<=30),1,0) | M13: =IF(AND('Zaman'!M9>=1,'Zaman'!M9<=30),1,0) | ... AR13: =IF(AND('Zaman'!AR9>=1,'Zaman'!AR9<=30),1,0)
A14: YEKDEM reel fiyatı | B14: USD/MWh | C14: Nominal koridor reel olarak aşınır; endeksli varsayımda sabit | E14: 0 | F14: =IF(Girdiler!$C$19=4,Girdiler!$C$67*10,Girdiler!$C$67*10/(1+Girdiler!$C$73)^('Zaman'!F6-2026)) | G14: =IF(Girdiler!$C$19=4,Girdiler!$C$67*10,Girdiler!$C$67*10/(1+Girdiler!$C$73)^('Zaman'!G6-2026)) | H14: =IF(Girdiler!$C$19=4,Girdiler!$C$67*10,Girdiler!$C$67*10/(1+Girdiler!$C$73)^('Zaman'!H6-2026)) | I14: =IF(Girdiler!$C$19=4,Girdiler!$C$67*10,Girdiler!$C$67*10/(1+Girdiler!$C$73)^('Zaman'!I6-2026)) | J14: =IF(Girdiler!$C$19=4,Girdiler!$C$67*10,Girdiler!$C$67*10/(1+Girdiler!$C$73)^('Zaman'!J6-2026)) | K14: =IF(Girdiler!$C$19=4,Girdiler!$C$67*10,Girdiler!$C$67*10/(1+Girdiler!$C$73)^('Zaman'!K6-2026)) | L14: =IF(Girdiler!$C$19=4,Girdiler!$C$67*10,Girdiler!$C$67*10/(1+Girdiler!$C$73)^('Zaman'!L6-2026)) | M14: =IF(Girdiler!$C$19=4,Girdiler!$C$67*10,Girdiler!$C$67*10/(1+Girdiler!$C$73)^('Zaman'!M6-2026)) | ... AR14: =IF(Girdiler!$C$19=4,Girdiler!$C$67*10,Girdiler!$C$67*10/(1+Girdiler!$C$73)^('Zaman'!AR6-2026))
A15: YEKDEM'e katılım (karar 30 Kasım t−1) | B15: 0/1 | C15: Katıl ⇔ YEKDEM reel > eşik × beklenen PTF (deterministik: L) | D15: =SUM(F15:AR15) | E15: 0 | F15: =IF(AND(Girdiler!$C$91=1,'Zaman'!F9>=1,'Zaman'!F9<=Girdiler!$C$68,'Zaman'!F14>Girdiler!$C$69*Girdiler!$C$18),1,0) | G15: =IF(AND(Girdiler!$C$91=1,'Zaman'!G9>=1,'Zaman'!G9<=Girdiler!$C$68,'Zaman'!G14>Girdiler!$C$69*Girdiler!$C$18),1,0) | H15: =IF(AND(Girdiler!$C$91=1,'Zaman'!H9>=1,'Zaman'!H9<=Girdiler!$C$68,'Zaman'!H14>Girdiler!$C$69*Girdiler!$C$18),1,0) | I15: =IF(AND(Girdiler!$C$91=1,'Zaman'!I9>=1,'Zaman'!I9<=Girdiler!$C$68,'Zaman'!I14>Girdiler!$C$69*Girdiler!$C$18),1,0) | J15: =IF(AND(Girdiler!$C$91=1,'Zaman'!J9>=1,'Zaman'!J9<=Girdiler!$C$68,'Zaman'!J14>Girdiler!$C$69*Girdiler!$C$18),1,0) | K15: =IF(AND(Girdiler!$C$91=1,'Zaman'!K9>=1,'Zaman'!K9<=Girdiler!$C$68,'Zaman'!K14>Girdiler!$C$69*Girdiler!$C$18),1,0) | L15: =IF(AND(Girdiler!$C$91=1,'Zaman'!L9>=1,'Zaman'!L9<=Girdiler!$C$68,'Zaman'!L14>Girdiler!$C$69*Girdiler!$C$18),1,0) | M15: =IF(AND(Girdiler!$C$91=1,'Zaman'!M9>=1,'Zaman'!M9<=Girdiler!$C$68,'Zaman'!M14>Girdiler!$C$69*Girdiler!$C$18),1,0) | ... AR15: =IF(AND(Girdiler!$C$91=1,'Zaman'!AR9>=1,'Zaman'!AR9<=Girdiler!$C$68,'Zaman'!AR14>Girdiler!$C$69*Girdiler!$C$18),1,0)
A16: Sözleşmeli pay φ | E16: 0 | F16: =IF(Girdiler!$C$19=2,IF(AND('Zaman'!F9>=1,'Zaman'!F9<=Girdiler!$C$65),Girdiler!$C$64,0),'Zaman'!F15) | G16: =IF(Girdiler!$C$19=2,IF(AND('Zaman'!G9>=1,'Zaman'!G9<=Girdiler!$C$65),Girdiler!$C$64,0),'Zaman'!G15) | H16: =IF(Girdiler!$C$19=2,IF(AND('Zaman'!H9>=1,'Zaman'!H9<=Girdiler!$C$65),Girdiler!$C$64,0),'Zaman'!H15) | I16: =IF(Girdiler!$C$19=2,IF(AND('Zaman'!I9>=1,'Zaman'!I9<=Girdiler!$C$65),Girdiler!$C$64,0),'Zaman'!I15) | J16: =IF(Girdiler!$C$19=2,IF(AND('Zaman'!J9>=1,'Zaman'!J9<=Girdiler!$C$65),Girdiler!$C$64,0),'Zaman'!J15) | K16: =IF(Girdiler!$C$19=2,IF(AND('Zaman'!K9>=1,'Zaman'!K9<=Girdiler!$C$65),Girdiler!$C$64,0),'Zaman'!K15) | L16: =IF(Girdiler!$C$19=2,IF(AND('Zaman'!L9>=1,'Zaman'!L9<=Girdiler!$C$65),Girdiler!$C$64,0),'Zaman'!L15) | M16: =IF(Girdiler!$C$19=2,IF(AND('Zaman'!M9>=1,'Zaman'!M9<=Girdiler!$C$65),Girdiler!$C$64,0),'Zaman'!M15) | ... AR16: =IF(Girdiler!$C$19=2,IF(AND('Zaman'!AR9>=1,'Zaman'!AR9<=Girdiler!$C$65),Girdiler!$C$64,0),'Zaman'!AR15)
A17: Sözleşmeli fiyat (PPA / YEKDEM) | B17: USD/MWh | E17: 0 | F17: =IF(Girdiler!$C$19=2,Girdiler!$C$66,'Zaman'!F14) | G17: =IF(Girdiler!$C$19=2,Girdiler!$C$66,'Zaman'!G14) | H17: =IF(Girdiler!$C$19=2,Girdiler!$C$66,'Zaman'!H14) | I17: =IF(Girdiler!$C$19=2,Girdiler!$C$66,'Zaman'!I14) | J17: =IF(Girdiler!$C$19=2,Girdiler!$C$66,'Zaman'!J14) | K17: =IF(Girdiler!$C$19=2,Girdiler!$C$66,'Zaman'!K14) | L17: =IF(Girdiler!$C$19=2,Girdiler!$C$66,'Zaman'!L14) | M17: =IF(Girdiler!$C$19=2,Girdiler!$C$66,'Zaman'!M14) | ... AR17: =IF(Girdiler!$C$19=2,Girdiler!$C$66,'Zaman'!AR14)

Sheet Uretim
A1: Üretim ve sistem kesintisi
A4: Kalem | B4: Birim | C4: Not / kaynak | D4: Toplam / değer | E4: t0 (bugün) | F4: 2026 | G4: 2027 | H4: 2028 | I4: 2029 | J4: 2030 | K4: 2031 | L4: 2032 | M4: 2033 | N4: 2034 | O4: 2035 | P4: 2036 | Q4: 2037 | R4: 2038 | S4: 2039 | T4: 2040 | U4: 2041 | V4: 2042 | W4: 2043 | X4: 2044 | Y4: 2045 | Z4: 2046 | AA4: 2047 | AB4: 2048 | AC4: 2049 | AD4: 2050 | AE4: 2051 | AF4: 2052 | AG4: 2053 | AH4: 2054 | AI4: 2055 | AJ4: 2056 | AK4: 2057 | AL4: 2058 | AM4: 2059 | AN4: 2060 | AO4: 2061 | AP4: 2062 | AQ4: 2063 | AR4: 2064
A7: — Blok: seçilen üretim durumu —
A8: gelir_res_q | B8: birim | C8: Python_girdileri (rejim: katılıma göre Y1/Y0, aksi T) | D8: =SUM(F8:AR8) | E8: 0 | F8: =IF('Zaman'!F13=1,IF(Girdiler!$C$91=1,IF('Zaman'!F15=1,IF(Girdiler!$C$8="P90",INDEX(Python_girdileri!$AS$6:$AS$35,'Zaman'!F9),INDEX(Python_girdileri!$AK$6:$AK$35,'Zaman'!F9)),IF(Girdiler!$C$8="P90",INDEX(Python_girdileri!$AC$6:$AC$35,'Zaman'!F9),INDEX(Python_girdileri!$U$6:$U$35,'Zaman'!F9))),IF(Girdiler!$C$8="P90",INDEX(Python_girdileri!$M$6:$M$35,'Zaman'!F9),INDEX(Python_girdileri!$E$6:$E$35,'Zaman'!F9))),0) | G8: =IF('Zaman'!G13=1,IF(Girdiler!$C$91=1,IF('Zaman'!G15=1,IF(Girdiler!$C$8="P90",INDEX(Python_girdileri!$AS$6:$AS$35,'Zaman'!G9),INDEX(Python_girdileri!$AK$6:$AK$35,'Zaman'!G9)),IF(Girdiler!$C$8="P90",INDEX(Python_girdileri!$AC$6:$AC$35,'Zaman'!G9),INDEX(Python_girdileri!$U$6:$U$35,'Zaman'!G9))),IF(Girdiler!$C$8="P90",INDEX(Python_girdileri!$M$6:$M$35,'Zaman'!G9),INDEX(Python_girdileri!$E$6:$E$35,'Zaman'!G9))),0) | H8: =IF('Zaman'!H13=1,IF(Girdiler!$C$91=1,IF('Zaman'!H15=1,IF(Girdiler!$C$8="P90",INDEX(Python_girdileri!$AS$6:$AS$35,'Zaman'!H9),INDEX(Python_girdileri!$AK$6:$AK$35,'Zaman'!H9)),IF(Girdiler!$C$8="P90",INDEX(Python_girdileri!$AC$6:$AC$35,'Zaman'!H9),INDEX(Python_girdileri!$U$6:$U$35,'Zaman'!H9))),IF(Girdiler!$C$8="P90",INDEX(Python_girdileri!$M$6:$M$35,'Zaman'!H9),INDEX(Python_girdileri!$E$6:$E$35,'Zaman'!H9))),0) | I8: =IF('Zaman'!I13=1,IF(Girdiler!$C$91=1,IF('Zaman'!I15=1,IF(Girdiler!$C$8="P90",INDEX(Python_girdileri!$AS$6:$AS$35,'Zaman'!I9),INDEX(Python_girdileri!$AK$6:$AK$35,'Zaman'!I9)),IF(Girdiler!$C$8="P90",INDEX(Python_girdileri!$AC$6:$AC$35,'Zaman'!I9),INDEX(Python_girdileri!$U$6:$U$35,'Zaman'!I9))),IF(Girdiler!$C$8="P90",INDEX(Python_girdileri!$M$6:$M$35,'Zaman'!I9),INDEX(Python_girdileri!$E$6:$E$35,'Zaman'!I9))),0) | J8: =IF('Zaman'!J13=1,IF(Girdiler!$C$91=1,IF('Zaman'!J15=1,IF(Girdiler!$C$8="P90",INDEX(Python_girdileri!$AS$6:$AS$35,'Zaman'!J9),INDEX(Python_girdileri!$AK$6:$AK$35,'Zaman'!J9)),IF(Girdiler!$C$8="P90",INDEX(Python_girdileri!$AC$6:$AC$35,'Zaman'!J9),INDEX(Python_girdileri!$U$6:$U$35,'Zaman'!J9))),IF(Girdiler!$C$8="P90",INDEX(Python_girdileri!$M$6:$M$35,'Zaman'!J9),INDEX(Python_girdileri!$E$6:$E$35,'Zaman'!J9))),0) | K8: =IF('Zaman'!K13=1,IF(Girdiler!$C$91=1,IF('Zaman'!K15=1,IF(Girdiler!$C$8="P90",INDEX(Python_girdileri!$AS$6:$AS$35,'Zaman'!K9),INDEX(Python_girdileri!$AK$6:$AK$35,'Zaman'!K9)),IF(Girdiler!$C$8="P90",INDEX(Python_girdileri!$AC$6:$AC$35,'Zaman'!K9),INDEX(Python_girdileri!$U$6:$U$35,'Zaman'!K9))),IF(Girdiler!$C$8="P90",INDEX(Python_girdileri!$M$6:$M$35,'Zaman'!K9),INDEX(Python_girdileri!$E$6:$E$35,'Zaman'!K9))),0) | L8: =IF('Zaman'!L13=1,IF(Girdiler!$C$91=1,IF('Zaman'!L15=1,IF(Girdiler!$C$8="P90",INDEX(Python_girdileri!$AS$6:$AS$35,'Zaman'!L9),INDEX(Python_girdileri!$AK$6:$AK$35,'Zaman'!L9)),IF(Girdiler!$C$8="P90",INDEX(Python_girdileri!$AC$6:$AC$35,'Zaman'!L9),INDEX(Python_girdileri!$U$6:$U$35,'Zaman'!L9))),IF(Girdiler!$C$8="P90",INDEX(Python_girdileri!$M$6:$M$35,'Zaman'!L9),INDEX(Python_girdileri!$E$6:$E$35,'Zaman'!L9))),0) | M8: =IF('Zaman'!M13=1,IF(Girdiler!$C$91=1,IF('Zaman'!M15=1,IF(Girdiler!$C$8="P90",INDEX(Python_girdileri!$AS$6:$AS$35,'Zaman'!M9),INDEX(Python_girdileri!$AK$6:$AK$35,'Zaman'!M9)),IF(Girdiler!$C$8="P90",INDEX(Python_girdileri!$AC$6:$AC$35,'Zaman'!M9),INDEX(Python_girdileri!$U$6:$U$35,'Zaman'!M9))),IF(Girdiler!$C$8="P90",INDEX(Python_girdileri!$M$6:$M$35,'Zaman'!M9),INDEX(Python_girdileri!$E$6:$E$35,'Zaman'!M9))),0) | ... AR8: =IF('Zaman'!AR13=1,IF(Girdiler!$C$91=1,IF('Zaman'!AR15=1,IF(Girdiler!$C$8="P90",INDEX(Python_girdileri!$AS$6:$AS$35,'Zaman'!AR9),INDEX(Python_girdileri!$AK$6:$AK$35,'Zaman'!AR9)),IF(Girdiler!$C$8="P90",INDEX(Python_girdileri!$AC$6:$AC$35,'Zaman'!AR9),INDEX(Python_girdileri!$U$6:$U$35,'Zaman'!AR9))),IF(Girdiler!$C$8="P90",INDEX(Python_girdileri!$M$6:$M$35,'Zaman'!AR9),INDEX(Python_girdileri!$E$6:$E$35,'Zaman'!AR9))),0)
A9: E_res | B9: MWh | C9: Python_girdileri (rejim: katılıma göre Y1/Y0, aksi T) | D9: =SUM(F9:AR9) | E9: 0 | F9: =IF('Zaman'!F13=1,IF(Girdiler!$C$91=1,IF('Zaman'!F15=1,IF(Girdiler!$C$8="P90",INDEX(Python_girdileri!$AT$6:$AT$35,'Zaman'!F9),INDEX(Python_girdileri!$AL$6:$AL$35,'Zaman'!F9)),IF(Girdiler!$C$8="P90",INDEX(Python_girdileri!$AD$6:$AD$35,'Zaman'!F9),INDEX(Python_girdileri!$V$6:$V$35,'Zaman'!F9))),IF(Girdiler!$C$8="P90",INDEX(Python_girdileri!$N$6:$N$35,'Zaman'!F9),INDEX(Python_girdileri!$F$6:$F$35,'Zaman'!F9))),0) | G9: =IF('Zaman'!G13=1,IF(Girdiler!$C$91=1,IF('Zaman'!G15=1,IF(Girdiler!$C$8="P90",INDEX(Python_girdileri!$AT$6:$AT$35,'Zaman'!G9),INDEX(Python_girdileri!$AL$6:$AL$35,'Zaman'!G9)),IF(Girdiler!$C$8="P90",INDEX(Python_girdileri!$AD$6:$AD$35,'Zaman'!G9),INDEX(Python_girdileri!$V$6:$V$35,'Zaman'!G9))),IF(Girdiler!$C$8="P90",INDEX(Python_girdileri!$N$6:$N$35,'Zaman'!G9),INDEX(Python_girdileri!$F$6:$F$35,'Zaman'!G9))),0) | H9: =IF('Zaman'!H13=1,IF(Girdiler!$C$91=1,IF('Zaman'!H15=1,IF(Girdiler!$C$8="P90",INDEX(Python_girdileri!$AT$6:$AT$35,'Zaman'!H9),INDEX(Python_girdileri!$AL$6:$AL$35,'Zaman'!H9)),IF(Girdiler!$C$8="P90",INDEX(Python_girdileri!$AD$6:$AD$35,'Zaman'!H9),INDEX(Python_girdileri!$V$6:$V$35,'Zaman'!H9))),IF(Girdiler!$C$8="P90",INDEX(Python_girdileri!$N$6:$N$35,'Zaman'!H9),INDEX(Python_girdileri!$F$6:$F$35,'Zaman'!H9))),0) | I9: =IF('Zaman'!I13=1,IF(Girdiler!$C$91=1,IF('Zaman'!I15=1,IF(Girdiler!$C$8="P90",INDEX(Python_girdileri!$AT$6:$AT$35,'Zaman'!I9),INDEX(Python_girdileri!$AL$6:$AL$35,'Zaman'!I9)),IF(Girdiler!$C$8="P90",INDEX(Python_girdileri!$AD$6:$AD$35,'Zaman'!I9),INDEX(Python_girdileri!$V$6:$V$35,'Zaman'!I9))),IF(Girdiler!$C$8="P90",INDEX(Python_girdileri!$N$6:$N$35,'Zaman'!I9),INDEX(Python_girdileri!$F$6:$F$35,'Zaman'!I9))),0) | J9: =IF('Zaman'!J13=1,IF(Girdiler!$C$91=1,IF('Zaman'!J15=1,IF(Girdiler!$C$8="P90",INDEX(Python_girdileri!$AT$6:$AT$35,'Zaman'!J9),INDEX(Python_girdileri!$AL$6:$AL$35,'Zaman'!J9)),IF(Girdiler!$C$8="P90",INDEX(Python_girdileri!$AD$6:$AD$35,'Zaman'!J9),INDEX(Python_girdileri!$V$6:$V$35,'Zaman'!J9))),IF(Girdiler!$C$8="P90",INDEX(Python_girdileri!$N$6:$N$35,'Zaman'!J9),INDEX(Python_girdileri!$F$6:$F$35,'Zaman'!J9))),0) | K9: =IF('Zaman'!K13=1,IF(Girdiler!$C$91=1,IF('Zaman'!K15=1,IF(Girdiler!$C$8="P90",INDEX(Python_girdileri!$AT$6:$AT$35,'Zaman'!K9),INDEX(Python_girdileri!$AL$6:$AL$35,'Zaman'!K9)),IF(Girdiler!$C$8="P90",INDEX(Python_girdileri!$AD$6:$AD$35,'Zaman'!K9),INDEX(Python_girdileri!$V$6:$V$35,'Zaman'!K9))),IF(Girdiler!$C$8="P90",INDEX(Python_girdileri!$N$6:$N$35,'Zaman'!K9),INDEX(Python_girdileri!$F$6:$F$35,'Zaman'!K9))),0) | L9: =IF('Zaman'!L13=1,IF(Girdiler!$C$91=1,IF('Zaman'!L15=1,IF(Girdiler!$C$8="P90",INDEX(Python_girdileri!$AT$6:$AT$35,'Zaman'!L9),INDEX(Python_girdileri!$AL$6:$AL$35,'Zaman'!L9)),IF(Girdiler!$C$8="P90",INDEX(Python_girdileri!$AD$6:$AD$35,'Zaman'!L9),INDEX(Python_girdileri!$V$6:$V$35,'Zaman'!L9))),IF(Girdiler!$C$8="P90",INDEX(Python_girdileri!$N$6:$N$35,'Zaman'!L9),INDEX(Python_girdileri!$F$6:$F$35,'Zaman'!L9))),0) | M9: =IF('Zaman'!M13=1,IF(Girdiler!$C$91=1,IF('Zaman'!M15=1,IF(Girdiler!$C$8="P90",INDEX(Python_girdileri!$AT$6:$AT$35,'Zaman'!M9),INDEX(Python_girdileri!$AL$6:$AL$35,'Zaman'!M9)),IF(Girdiler!$C$8="P90",INDEX(Python_girdileri!$AD$6:$AD$35,'Zaman'!M9),INDEX(Python_girdileri!$V$6:$V$35,'Zaman'!M9))),IF(Girdiler!$C$8="P90",INDEX(Python_girdileri!$N$6:$N$35,'Zaman'!M9),INDEX(Python_girdileri!$F$6:$F$35,'Zaman'!M9))),0) | ... AR9: =IF('Zaman'!AR13=1,IF(Girdiler!$C$91=1,IF('Zaman'!AR15=1,IF(Girdiler!$C$8="P90",INDEX(Python_girdileri!$AT$6:$AT$35,'Zaman'!AR9),INDEX(Python_girdileri!$AL$6:$AL$35,'Zaman'!AR9)),IF(Girdiler!$C$8="P90",INDEX(Python_girdileri!$AD$6:$AD$35,'Zaman'!AR9),INDEX(Python_girdileri!$V$6:$V$35,'Zaman'!AR9))),IF(Girdiler!$C$8="P90",INDEX(Python_girdileri!$N$6:$N$35,'Zaman'!AR9),INDEX(Python_girdileri!$F$6:$F$35,'Zaman'!AR9))),0)
A10: gelir_d_q | B10: birim | C10: Python_girdileri (rejim: katılıma göre Y1/Y0, aksi T) | D10: =SUM(F10:AR10) | E10: 0 | F10: =IF('Zaman'!F13=1,IF(Girdiler!$C$91=1,IF('Zaman'!F15=1,IF(Girdiler!$C$8="P90",INDEX(Python_girdileri!$AU$6:$AU$35,'Zaman'!F9),INDEX(Python_girdileri!$AM$6:$AM$35,'Zaman'!F9)),IF(Girdiler!$C$8="P90",INDEX(Python_girdileri!$AE$6:$AE$35,'Zaman'!F9),INDEX(Python_girdileri!$W$6:$W$35,'Zaman'!F9))),IF(Girdiler!$C$8="P90",INDEX(Python_girdileri!$O$6:$O$35,'Zaman'!F9),INDEX(Python_girdileri!$G$6:$G$35,'Zaman'!F9))),0) | G10: =IF('Zaman'!G13=1,IF(Girdiler!$C$91=1,IF('Zaman'!G15=1,IF(Girdiler!$C$8="P90",INDEX(Python_girdileri!$AU$6:$AU$35,'Zaman'!G9),INDEX(Python_girdileri!$AM$6:$AM$35,'Zaman'!G9)),IF(Girdiler!$C$8="P90",INDEX(Python_girdileri!$AE$6:$AE$35,'Zaman'!G9),INDEX(Python_girdileri!$W$6:$W$35,'Zaman'!G9))),IF(Girdiler!$C$8="P90",INDEX(Python_girdileri!$O$6:$O$35,'Zaman'!G9),INDEX(Python_girdileri!$G$6:$G$35,'Zaman'!G9))),0) | H10: =IF('Zaman'!H13=1,IF(Girdiler!$C$91=1,IF('Zaman'!H15=1,IF(Girdiler!$C$8="P90",INDEX(Python_girdileri!$AU$6:$AU$35,'Zaman'!H9),INDEX(Python_girdileri!$AM$6:$AM$35,'Zaman'!H9)),IF(Girdiler!$C$8="P90",INDEX(Python_girdileri!$AE$6:$AE$35,'Zaman'!H9),INDEX(Python_girdileri!$W$6:$W$35,'Zaman'!H9))),IF(Girdiler!$C$8="P90",INDEX(Python_girdileri!$O$6:$O$35,'Zaman'!H9),INDEX(Python_girdileri!$G$6:$G$35,'Zaman'!H9))),0) | I10: =IF('Zaman'!I13=1,IF(Girdiler!$C$91=1,IF('Zaman'!I15=1,IF(Girdiler!$C$8="P90",INDEX(Python_girdileri!$AU$6:$AU$35,'Zaman'!I9),INDEX(Python_girdileri!$AM$6:$AM$35,'Zaman'!I9)),IF(Girdiler!$C$8="P90",INDEX(Python_girdileri!$AE$6:$AE$35,'Zaman'!I9),INDEX(Python_girdileri!$W$6:$W$35,'Zaman'!I9))),IF(Girdiler!$C$8="P90",INDEX(Python_girdileri!$O$6:$O$35,'Zaman'!I9),INDEX(Python_girdileri!$G$6:$G$35,'Zaman'!I9))),0) | J10: =IF('Zaman'!J13=1,IF(Girdiler!$C$91=1,IF('Zaman'!J15=1,IF(Girdiler!$C$8="P90",INDEX(Python_girdileri!$AU$6:$AU$35,'Zaman'!J9),INDEX(Python_girdileri!$AM$6:$AM$35,'Zaman'!J9)),IF(Girdiler!$C$8="P90",INDEX(Python_girdileri!$AE$6:$AE$35,'Zaman'!J9),INDEX(Python_girdileri!$W$6:$W$35,'Zaman'!J9))),IF(Girdiler!$C$8="P90",INDEX(Python_girdileri!$O$6:$O$35,'Zaman'!J9),INDEX(Python_girdileri!$G$6:$G$35,'Zaman'!J9))),0) | K10: =IF('Zaman'!K13=1,IF(Girdiler!$C$91=1,IF('Zaman'!K15=1,IF(Girdiler!$C$8="P90",INDEX(Python_girdileri!$AU$6:$AU$35,'Zaman'!K9),INDEX(Python_girdileri!$AM$6:$AM$35,'Zaman'!K9)),IF(Girdiler!$C$8="P90",INDEX(Python_girdileri!$AE$6:$AE$35,'Zaman'!K9),INDEX(Python_girdileri!$W$6:$W$35,'Zaman'!K9))),IF(Girdiler!$C$8="P90",INDEX(Python_girdileri!$O$6:$O$35,'Zaman'!K9),INDEX(Python_girdileri!$G$6:$G$35,'Zaman'!K9))),0) | L10: =IF('Zaman'!L13=1,IF(Girdiler!$C$91=1,IF('Zaman'!L15=1,IF(Girdiler!$C$8="P90",INDEX(Python_girdileri!$AU$6:$AU$35,'Zaman'!L9),INDEX(Python_girdileri!$AM$6:$AM$35,'Zaman'!L9)),IF(Girdiler!$C$8="P90",INDEX(Python_girdileri!$AE$6:$AE$35,'Zaman'!L9),INDEX(Python_girdileri!$W$6:$W$35,'Zaman'!L9))),IF(Girdiler!$C$8="P90",INDEX(Python_girdileri!$O$6:$O$35,'Zaman'!L9),INDEX(Python_girdileri!$G$6:$G$35,'Zaman'!L9))),0) | M10: =IF('Zaman'!M13=1,IF(Girdiler!$C$91=1,IF('Zaman'!M15=1,IF(Girdiler!$C$8="P90",INDEX(Python_girdileri!$AU$6:$AU$35,'Zaman'!M9),INDEX(Python_girdileri!$AM$6:$AM$35,'Zaman'!M9)),IF(Girdiler!$C$8="P90",INDEX(Python_girdileri!$AE$6:$AE$35,'Zaman'!M9),INDEX(Python_girdileri!$W$6:$W$35,'Zaman'!M9))),IF(Girdiler!$C$8="P90",INDEX(Python_girdileri!$O$6:$O$35,'Zaman'!M9),INDEX(Python_girdileri!$G$6:$G$35,'Zaman'!M9))),0) | ... AR10: =IF('Zaman'!AR13=1,IF(Girdiler!$C$91=1,IF('Zaman'!AR15=1,IF(Girdiler!$C$8="P90",INDEX(Python_girdileri!$AU$6:$AU$35,'Zaman'!AR9),INDEX(Python_girdileri!$AM$6:$AM$35,'Zaman'!AR9)),IF(Girdiler!$C$8="P90",INDEX(Python_girdileri!$AE$6:$AE$35,'Zaman'!AR9),INDEX(Python_girdileri!$W$6:$W$35,'Zaman'!AR9))),IF(Girdiler!$C$8="P90",INDEX(Python_girdileri!$O$6:$O$35,'Zaman'!AR9),INDEX(Python_girdileri!$G$6:$G$35,'Zaman'!AR9))),0)
A11: E_d | B11: MWh | C11: Python_girdileri (rejim: katılıma göre Y1/Y0, aksi T) | D11: =SUM(F11:AR11) | E11: 0 | F11: =IF('Zaman'!F13=1,IF(Girdiler!$C$91=1,IF('Zaman'!F15=1,IF(Girdiler!$C$8="P90",INDEX(Python_girdileri!$AV$6:$AV$35,'Zaman'!F9),INDEX(Python_girdileri!$AN$6:$AN$35,'Zaman'!F9)),IF(Girdiler!$C$8="P90",INDEX(Python_girdileri!$AF$6:$AF$35,'Zaman'!F9),INDEX(Python_girdileri!$X$6:$X$35,'Zaman'!F9))),IF(Girdiler!$C$8="P90",INDEX(Python_girdileri!$P$6:$P$35,'Zaman'!F9),INDEX(Python_girdileri!$H$6:$H$35,'Zaman'!F9))),0) | G11: =IF('Zaman'!G13=1,IF(Girdiler!$C$91=1,IF('Zaman'!G15=1,IF(Girdiler!$C$8="P90",INDEX(Python_girdileri!$AV$6:$AV$35,'Zaman'!G9),INDEX(Python_girdileri!$AN$6:$AN$35,'Zaman'!G9)),IF(Girdiler!$C$8="P90",INDEX(Python_girdileri!$AF$6:$AF$35,'Zaman'!G9),INDEX(Python_girdileri!$X$6:$X$35,'Zaman'!G9))),IF(Girdiler!$C$8="P90",INDEX(Python_girdileri!$P$6:$P$35,'Zaman'!G9),INDEX(Python_girdileri!$H$6:$H$35,'Zaman'!G9))),0) | H11: =IF('Zaman'!H13=1,IF(Girdiler!$C$91=1,IF('Zaman'!H15=1,IF(Girdiler!$C$8="P90",INDEX(Python_girdileri!$AV$6:$AV$35,'Zaman'!H9),INDEX(Python_girdileri!$AN$6:$AN$35,'Zaman'!H9)),IF(Girdiler!$C$8="P90",INDEX(Python_girdileri!$AF$6:$AF$35,'Zaman'!H9),INDEX(Python_girdileri!$X$6:$X$35,'Zaman'!H9))),IF(Girdiler!$C$8="P90",INDEX(Python_girdileri!$P$6:$P$35,'Zaman'!H9),INDEX(Python_girdileri!$H$6:$H$35,'Zaman'!H9))),0) | I11: =IF('Zaman'!I13=1,IF(Girdiler!$C$91=1,IF('Zaman'!I15=1,IF(Girdiler!$C$8="P90",INDEX(Python_girdileri!$AV$6:$AV$35,'Zaman'!I9),INDEX(Python_girdileri!$AN$6:$AN$35,'Zaman'!I9)),IF(Girdiler!$C$8="P90",INDEX(Python_girdileri!$AF$6:$AF$35,'Zaman'!I9),INDEX(Python_girdileri!$X$6:$X$35,'Zaman'!I9))),IF(Girdiler!$C$8="P90",INDEX(Python_girdileri!$P$6:$P$35,'Zaman'!I9),INDEX(Python_girdileri!$H$6:$H$35,'Zaman'!I9))),0) | J11: =IF('Zaman'!J13=1,IF(Girdiler!$C$91=1,IF('Zaman'!J15=1,IF(Girdiler!$C$8="P90",INDEX(Python_girdileri!$AV$6:$AV$35,'Zaman'!J9),INDEX(Python_girdileri!$AN$6:$AN$35,'Zaman'!J9)),IF(Girdiler!$C$8="P90",INDEX(Python_girdileri!$AF$6:$AF$35,'Zaman'!J9),INDEX(Python_girdileri!$X$6:$X$35,'Zaman'!J9))),IF(Girdiler!$C$8="P90",INDEX(Python_girdileri!$P$6:$P$35,'Zaman'!J9),INDEX(Python_girdileri!$H$6:$H$35,'Zaman'!J9))),0) | K11: =IF('Zaman'!K13=1,IF(Girdiler!$C$91=1,IF('Zaman'!K15=1,IF(Girdiler!$C$8="P90",INDEX(Python_girdileri!$AV$6:$AV$35,'Zaman'!K9),INDEX(Python_girdileri!$AN$6:$AN$35,'Zaman'!K9)),IF(Girdiler!$C$8="P90",INDEX(Python_girdileri!$AF$6:$AF$35,'Zaman'!K9),INDEX(Python_girdileri!$X$6:$X$35,'Zaman'!K9))),IF(Girdiler!$C$8="P90",INDEX(Python_girdileri!$P$6:$P$35,'Zaman'!K9),INDEX(Python_girdileri!$H$6:$H$35,'Zaman'!K9))),0) | L11: =IF('Zaman'!L13=1,IF(Girdiler!$C$91=1,IF('Zaman'!L15=1,IF(Girdiler!$C$8="P90",INDEX(Python_girdileri!$AV$6:$AV$35,'Zaman'!L9),INDEX(Python_girdileri!$AN$6:$AN$35,'Zaman'!L9)),IF(Girdiler!$C$8="P90",INDEX(Python_girdileri!$AF$6:$AF$35,'Zaman'!L9),INDEX(Python_girdileri!$X$6:$X$35,'Zaman'!L9))),IF(Girdiler!$C$8="P90",INDEX(Python_girdileri!$P$6:$P$35,'Zaman'!L9),INDEX(Python_girdileri!$H$6:$H$35,'Zaman'!L9))),0) | M11: =IF('Zaman'!M13=1,IF(Girdiler!$C$91=1,IF('Zaman'!M15=1,IF(Girdiler!$C$8="P90",INDEX(Python_girdileri!$AV$6:$AV$35,'Zaman'!M9),INDEX(Python_girdileri!$AN$6:$AN$35,'Zaman'!M9)),IF(Girdiler!$C$8="P90",INDEX(Python_girdileri!$AF$6:$AF$35,'Zaman'!M9),INDEX(Python_girdileri!$X$6:$X$35,'Zaman'!M9))),IF(Girdiler!$C$8="P90",INDEX(Python_girdileri!$P$6:$P$35,'Zaman'!M9),INDEX(Python_girdileri!$H$6:$H$35,'Zaman'!M9))),0) | ... AR11: =IF('Zaman'!AR13=1,IF(Girdiler!$C$91=1,IF('Zaman'!AR15=1,IF(Girdiler!$C$8="P90",INDEX(Python_girdileri!$AV$6:$AV$35,'Zaman'!AR9),INDEX(Python_girdileri!$AN$6:$AN$35,'Zaman'!AR9)),IF(Girdiler!$C$8="P90",INDEX(Python_girdileri!$AF$6:$AF$35,'Zaman'!AR9),INDEX(Python_girdileri!$X$6:$X$35,'Zaman'!AR9))),IF(Girdiler!$C$8="P90",INDEX(Python_girdileri!$P$6:$P$35,'Zaman'!AR9),INDEX(Python_girdileri!$H$6:$H$35,'Zaman'!AR9))),0)
A12: yh_a | B12: birim | C12: Python_girdileri (rejim: katılıma göre Y1/Y0, aksi T) | D12: =SUM(F12:AR12) | E12: 0 | F12: =IF('Zaman'!F13=1,IF(Girdiler!$C$91=1,IF('Zaman'!F15=1,IF(Girdiler!$C$8="P90",INDEX(Python_girdileri!$AW$6:$AW$35,'Zaman'!F9),INDEX(Python_girdileri!$AO$6:$AO$35,'Zaman'!F9)),IF(Girdiler!$C$8="P90",INDEX(Python_girdileri!$AG$6:$AG$35,'Zaman'!F9),INDEX(Python_girdileri!$Y$6:$Y$35,'Zaman'!F9))),IF(Girdiler!$C$8="P90",INDEX(Python_girdileri!$Q$6:$Q$35,'Zaman'!F9),INDEX(Python_girdileri!$I$6:$I$35,'Zaman'!F9))),0) | G12: =IF('Zaman'!G13=1,IF(Girdiler!$C$91=1,IF('Zaman'!G15=1,IF(Girdiler!$C$8="P90",INDEX(Python_girdileri!$AW$6:$AW$35,'Zaman'!G9),INDEX(Python_girdileri!$AO$6:$AO$35,'Zaman'!G9)),IF(Girdiler!$C$8="P90",INDEX(Python_girdileri!$AG$6:$AG$35,'Zaman'!G9),INDEX(Python_girdileri!$Y$6:$Y$35,'Zaman'!G9))),IF(Girdiler!$C$8="P90",INDEX(Python_girdileri!$Q$6:$Q$35,'Zaman'!G9),INDEX(Python_girdileri!$I$6:$I$35,'Zaman'!G9))),0) | H12: =IF('Zaman'!H13=1,IF(Girdiler!$C$91=1,IF('Zaman'!H15=1,IF(Girdiler!$C$8="P90",INDEX(Python_girdileri!$AW$6:$AW$35,'Zaman'!H9),INDEX(Python_girdileri!$AO$6:$AO$35,'Zaman'!H9)),IF(Girdiler!$C$8="P90",INDEX(Python_girdileri!$AG$6:$AG$35,'Zaman'!H9),INDEX(Python_girdileri!$Y$6:$Y$35,'Zaman'!H9))),IF(Girdiler!$C$8="P90",INDEX(Python_girdileri!$Q$6:$Q$35,'Zaman'!H9),INDEX(Python_girdileri!$I$6:$I$35,'Zaman'!H9))),0) | I12: =IF('Zaman'!I13=1,IF(Girdiler!$C$91=1,IF('Zaman'!I15=1,IF(Girdiler!$C$8="P90",INDEX(Python_girdileri!$AW$6:$AW$35,'Zaman'!I9),INDEX(Python_girdileri!$AO$6:$AO$35,'Zaman'!I9)),IF(Girdiler!$C$8="P90",INDEX(Python_girdileri!$AG$6:$AG$35,'Zaman'!I9),INDEX(Python_girdileri!$Y$6:$Y$35,'Zaman'!I9))),IF(Girdiler!$C$8="P90",INDEX(Python_girdileri!$Q$6:$Q$35,'Zaman'!I9),INDEX(Python_girdileri!$I$6:$I$35,'Zaman'!I9))),0) | J12: =IF('Zaman'!J13=1,IF(Girdiler!$C$91=1,IF('Zaman'!J15=1,IF(Girdiler!$C$8="P90",INDEX(Python_girdileri!$AW$6:$AW$35,'Zaman'!J9),INDEX(Python_girdileri!$AO$6:$AO$35,'Zaman'!J9)),IF(Girdiler!$C$8="P90",INDEX(Python_girdileri!$AG$6:$AG$35,'Zaman'!J9),INDEX(Python_girdileri!$Y$6:$Y$35,'Zaman'!J9))),IF(Girdiler!$C$8="P90",INDEX(Python_girdileri!$Q$6:$Q$35,'Zaman'!J9),INDEX(Python_girdileri!$I$6:$I$35,'Zaman'!J9))),0) | K12: =IF('Zaman'!K13=1,IF(Girdiler!$C$91=1,IF('Zaman'!K15=1,IF(Girdiler!$C$8="P90",INDEX(Python_girdileri!$AW$6:$AW$35,'Zaman'!K9),INDEX(Python_girdileri!$AO$6:$AO$35,'Zaman'!K9)),IF(Girdiler!$C$8="P90",INDEX(Python_girdileri!$AG$6:$AG$35,'Zaman'!K9),INDEX(Python_girdileri!$Y$6:$Y$35,'Zaman'!K9))),IF(Girdiler!$C$8="P90",INDEX(Python_girdileri!$Q$6:$Q$35,'Zaman'!K9),INDEX(Python_girdileri!$I$6:$I$35,'Zaman'!K9))),0) | L12: =IF('Zaman'!L13=1,IF(Girdiler!$C$91=1,IF('Zaman'!L15=1,IF(Girdiler!$C$8="P90",INDEX(Python_girdileri!$AW$6:$AW$35,'Zaman'!L9),INDEX(Python_girdileri!$AO$6:$AO$35,'Zaman'!L9)),IF(Girdiler!$C$8="P90",INDEX(Python_girdileri!$AG$6:$AG$35,'Zaman'!L9),INDEX(Python_girdileri!$Y$6:$Y$35,'Zaman'!L9))),IF(Girdiler!$C$8="P90",INDEX(Python_girdileri!$Q$6:$Q$35,'Zaman'!L9),INDEX(Python_girdileri!$I$6:$I$35,'Zaman'!L9))),0) | M12: =IF('Zaman'!M13=1,IF(Girdiler!$C$91=1,IF('Zaman'!M15=1,IF(Girdiler!$C$8="P90",INDEX(Python_girdileri!$AW$6:$AW$35,'Zaman'!M9),INDEX(Python_girdileri!$AO$6:$AO$35,'Zaman'!M9)),IF(Girdiler!$C$8="P90",INDEX(Python_girdileri!$AG$6:$AG$35,'Zaman'!M9),INDEX(Python_girdileri!$Y$6:$Y$35,'Zaman'!M9))),IF(Girdiler!$C$8="P90",INDEX(Python_girdileri!$Q$6:$Q$35,'Zaman'!M9),INDEX(Python_girdileri!$I$6:$I$35,'Zaman'!M9))),0) | ... AR12: =IF('Zaman'!AR13=1,IF(Girdiler!$C$91=1,IF('Zaman'!AR15=1,IF(Girdiler!$C$8="P90",INDEX(Python_girdileri!$AW$6:$AW$35,'Zaman'!AR9),INDEX(Python_girdileri!$AO$6:$AO$35,'Zaman'!AR9)),IF(Girdiler!$C$8="P90",INDEX(Python_girdileri!$AG$6:$AG$35,'Zaman'!AR9),INDEX(Python_girdileri!$Y$6:$Y$35,'Zaman'!AR9))),IF(Girdiler!$C$8="P90",INDEX(Python_girdileri!$Q$6:$Q$35,'Zaman'!AR9),INDEX(Python_girdileri!$I$6:$I$35,'Zaman'!AR9))),0)
A13: rezerv | B13: MWh | C13: Python_girdileri (rejim: katılıma göre Y1/Y0, aksi T) | D13: =SUM(F13:AR13) | E13: 0 | F13: =IF('Zaman'!F13=1,IF(Girdiler!$C$91=1,IF('Zaman'!F15=1,IF(Girdiler!$C$8="P90",INDEX(Python_girdileri!$AX$6:$AX$35,'Zaman'!F9),INDEX(Python_girdileri!$AP$6:$AP$35,'Zaman'!F9)),IF(Girdiler!$C$8="P90",INDEX(Python_girdileri!$AH$6:$AH$35,'Zaman'!F9),INDEX(Python_girdileri!$Z$6:$Z$35,'Zaman'!F9))),IF(Girdiler!$C$8="P90",INDEX(Python_girdileri!$R$6:$R$35,'Zaman'!F9),INDEX(Python_girdileri!$J$6:$J$35,'Zaman'!F9))),0) | G13: =IF('Zaman'!G13=1,IF(Girdiler!$C$91=1,IF('Zaman'!G15=1,IF(Girdiler!$C$8="P90",INDEX(Python_girdileri!$AX$6:$AX$35,'Zaman'!G9),INDEX(Python_girdileri!$AP$6:$AP$35,'Zaman'!G9)),IF(Girdiler!$C$8="P90",INDEX(Python_girdileri!$AH$6:$AH$35,'Zaman'!G9),INDEX(Python_girdileri!$Z$6:$Z$35,'Zaman'!G9))),IF(Girdiler!$C$8="P90",INDEX(Python_girdileri!$R$6:$R$35,'Zaman'!G9),INDEX(Python_girdileri!$J$6:$J$35,'Zaman'!G9))),0) | H13: =IF('Zaman'!H13=1,IF(Girdiler!$C$91=1,IF('Zaman'!H15=1,IF(Girdiler!$C$8="P90",INDEX(Python_girdileri!$AX$6:$AX$35,'Zaman'!H9),INDEX(Python_girdileri!$AP$6:$AP$35,'Zaman'!H9)),IF(Girdiler!$C$8="P90",INDEX(Python_girdileri!$AH$6:$AH$35,'Zaman'!H9),INDEX(Python_girdileri!$Z$6:$Z$35,'Zaman'!H9))),IF(Girdiler!$C$8="P90",INDEX(Python_girdileri!$R$6:$R$35,'Zaman'!H9),INDEX(Python_girdileri!$J$6:$J$35,'Zaman'!H9))),0) | I13: =IF('Zaman'!I13=1,IF(Girdiler!$C$91=1,IF('Zaman'!I15=1,IF(Girdiler!$C$8="P90",INDEX(Python_girdileri!$AX$6:$AX$35,'Zaman'!I9),INDEX(Python_girdileri!$AP$6:$AP$35,'Zaman'!I9)),IF(Girdiler!$C$8="P90",INDEX(Python_girdileri!$AH$6:$AH$35,'Zaman'!I9),INDEX(Python_girdileri!$Z$6:$Z$35,'Zaman'!I9))),IF(Girdiler!$C$8="P90",INDEX(Python_girdileri!$R$6:$R$35,'Zaman'!I9),INDEX(Python_girdileri!$J$6:$J$35,'Zaman'!I9))),0) | J13: =IF('Zaman'!J13=1,IF(Girdiler!$C$91=1,IF('Zaman'!J15=1,IF(Girdiler!$C$8="P90",INDEX(Python_girdileri!$AX$6:$AX$35,'Zaman'!J9),INDEX(Python_girdileri!$AP$6:$AP$35,'Zaman'!J9)),IF(Girdiler!$C$8="P90",INDEX(Python_girdileri!$AH$6:$AH$35,'Zaman'!J9),INDEX(Python_girdileri!$Z$6:$Z$35,'Zaman'!J9))),IF(Girdiler!$C$8="P90",INDEX(Python_girdileri!$R$6:$R$35,'Zaman'!J9),INDEX(Python_girdileri!$J$6:$J$35,'Zaman'!J9))),0) | K13: =IF('Zaman'!K13=1,IF(Girdiler!$C$91=1,IF('Zaman'!K15=1,IF(Girdiler!$C$8="P90",INDEX(Python_girdileri!$AX$6:$AX$35,'Zaman'!K9),INDEX(Python_girdileri!$AP$6:$AP$35,'Zaman'!K9)),IF(Girdiler!$C$8="P90",INDEX(Python_girdileri!$AH$6:$AH$35,'Zaman'!K9),INDEX(Python_girdileri!$Z$6:$Z$35,'Zaman'!K9))),IF(Girdiler!$C$8="P90",INDEX(Python_girdileri!$R$6:$R$35,'Zaman'!K9),INDEX(Python_girdileri!$J$6:$J$35,'Zaman'!K9))),0) | L13: =IF('Zaman'!L13=1,IF(Girdiler!$C$91=1,IF('Zaman'!L15=1,IF(Girdiler!$C$8="P90",INDEX(Python_girdileri!$AX$6:$AX$35,'Zaman'!L9),INDEX(Python_girdileri!$AP$6:$AP$35,'Zaman'!L9)),IF(Girdiler!$C$8="P90",INDEX(Python_girdileri!$AH$6:$AH$35,'Zaman'!L9),INDEX(Python_girdileri!$Z$6:$Z$35,'Zaman'!L9))),IF(Girdiler!$C$8="P90",INDEX(Python_girdileri!$R$6:$R$35,'Zaman'!L9),INDEX(Python_girdileri!$J$6:$J$35,'Zaman'!L9))),0) | M13: =IF('Zaman'!M13=1,IF(Girdiler!$C$91=1,IF('Zaman'!M15=1,IF(Girdiler!$C$8="P90",INDEX(Python_girdileri!$AX$6:$AX$35,'Zaman'!M9),INDEX(Python_girdileri!$AP$6:$AP$35,'Zaman'!M9)),IF(Girdiler!$C$8="P90",INDEX(Python_girdileri!$AH$6:$AH$35,'Zaman'!M9),INDEX(Python_girdileri!$Z$6:$Z$35,'Zaman'!M9))),IF(Girdiler!$C$8="P90",INDEX(Python_girdileri!$R$6:$R$35,'Zaman'!M9),INDEX(Python_girdileri!$J$6:$J$35,'Zaman'!M9))),0) | ... AR13: =IF('Zaman'!AR13=1,IF(Girdiler!$C$91=1,IF('Zaman'!AR15=1,IF(Girdiler!$C$8="P90",INDEX(Python_girdileri!$AX$6:$AX$35,'Zaman'!AR9),INDEX(Python_girdileri!$AP$6:$AP$35,'Zaman'!AR9)),IF(Girdiler!$C$8="P90",INDEX(Python_girdileri!$AH$6:$AH$35,'Zaman'!AR9),INDEX(Python_girdileri!$Z$6:$Z$35,'Zaman'!AR9))),IF(Girdiler!$C$8="P90",INDEX(Python_girdileri!$R$6:$R$35,'Zaman'!AR9),INDEX(Python_girdileri!$J$6:$J$35,'Zaman'!AR9))),0)
A14: E_k | B14: MWh | C14: Python_girdileri (rejim: katılıma göre Y1/Y0, aksi T) | D14: =SUM(F14:AR14) | E14: 0 | F14: =IF('Zaman'!F13=1,IF(Girdiler!$C$91=1,IF('Zaman'!F15=1,IF(Girdiler!$C$8="P90",INDEX(Python_girdileri!$AY$6:$AY$35,'Zaman'!F9),INDEX(Python_girdileri!$AQ$6:$AQ$35,'Zaman'!F9)),IF(Girdiler!$C$8="P90",INDEX(Python_girdileri!$AI$6:$AI$35,'Zaman'!F9),INDEX(Python_girdileri!$AA$6:$AA$35,'Zaman'!F9))),IF(Girdiler!$C$8="P90",INDEX(Python_girdileri!$S$6:$S$35,'Zaman'!F9),INDEX(Python_girdileri!$K$6:$K$35,'Zaman'!F9))),0) | G14: =IF('Zaman'!G13=1,IF(Girdiler!$C$91=1,IF('Zaman'!G15=1,IF(Girdiler!$C$8="P90",INDEX(Python_girdileri!$AY$6:$AY$35,'Zaman'!G9),INDEX(Python_girdileri!$AQ$6:$AQ$35,'Zaman'!G9)),IF(Girdiler!$C$8="P90",INDEX(Python_girdileri!$AI$6:$AI$35,'Zaman'!G9),INDEX(Python_girdileri!$AA$6:$AA$35,'Zaman'!G9))),IF(Girdiler!$C$8="P90",INDEX(Python_girdileri!$S$6:$S$35,'Zaman'!G9),INDEX(Python_girdileri!$K$6:$K$35,'Zaman'!G9))),0) | H14: =IF('Zaman'!H13=1,IF(Girdiler!$C$91=1,IF('Zaman'!H15=1,IF(Girdiler!$C$8="P90",INDEX(Python_girdileri!$AY$6:$AY$35,'Zaman'!H9),INDEX(Python_girdileri!$AQ$6:$AQ$35,'Zaman'!H9)),IF(Girdiler!$C$8="P90",INDEX(Python_girdileri!$AI$6:$AI$35,'Zaman'!H9),INDEX(Python_girdileri!$AA$6:$AA$35,'Zaman'!H9))),IF(Girdiler!$C$8="P90",INDEX(Python_girdileri!$S$6:$S$35,'Zaman'!H9),INDEX(Python_girdileri!$K$6:$K$35,'Zaman'!H9))),0) | I14: =IF('Zaman'!I13=1,IF(Girdiler!$C$91=1,IF('Zaman'!I15=1,IF(Girdiler!$C$8="P90",INDEX(Python_girdileri!$AY$6:$AY$35,'Zaman'!I9),INDEX(Python_girdileri!$AQ$6:$AQ$35,'Zaman'!I9)),IF(Girdiler!$C$8="P90",INDEX(Python_girdileri!$AI$6:$AI$35,'Zaman'!I9),INDEX(Python_girdileri!$AA$6:$AA$35,'Zaman'!I9))),IF(Girdiler!$C$8="P90",INDEX(Python_girdileri!$S$6:$S$35,'Zaman'!I9),INDEX(Python_girdileri!$K$6:$K$35,'Zaman'!I9))),0) | J14: =IF('Zaman'!J13=1,IF(Girdiler!$C$91=1,IF('Zaman'!J15=1,IF(Girdiler!$C$8="P90",INDEX(Python_girdileri!$AY$6:$AY$35,'Zaman'!J9),INDEX(Python_girdileri!$AQ$6:$AQ$35,'Zaman'!J9)),IF(Girdiler!$C$8="P90",INDEX(Python_girdileri!$AI$6:$AI$35,'Zaman'!J9),INDEX(Python_girdileri!$AA$6:$AA$35,'Zaman'!J9))),IF(Girdiler!$C$8="P90",INDEX(Python_girdileri!$S$6:$S$35,'Zaman'!J9),INDEX(Python_girdileri!$K$6:$K$35,'Zaman'!J9))),0) | K14: =IF('Zaman'!K13=1,IF(Girdiler!$C$91=1,IF('Zaman'!K15=1,IF(Girdiler!$C$8="P90",INDEX(Python_girdileri!$AY$6:$AY$35,'Zaman'!K9),INDEX(Python_girdileri!$AQ$6:$AQ$35,'Zaman'!K9)),IF(Girdiler!$C$8="P90",INDEX(Python_girdileri!$AI$6:$AI$35,'Zaman'!K9),INDEX(Python_girdileri!$AA$6:$AA$35,'Zaman'!K9))),IF(Girdiler!$C$8="P90",INDEX(Python_girdileri!$S$6:$S$35,'Zaman'!K9),INDEX(Python_girdileri!$K$6:$K$35,'Zaman'!K9))),0) | L14: =IF('Zaman'!L13=1,IF(Girdiler!$C$91=1,IF('Zaman'!L15=1,IF(Girdiler!$C$8="P90",INDEX(Python_girdileri!$AY$6:$AY$35,'Zaman'!L9),INDEX(Python_girdileri!$AQ$6:$AQ$35,'Zaman'!L9)),IF(Girdiler!$C$8="P90",INDEX(Python_girdileri!$AI$6:$AI$35,'Zaman'!L9),INDEX(Python_girdileri!$AA$6:$AA$35,'Zaman'!L9))),IF(Girdiler!$C$8="P90",INDEX(Python_girdileri!$S$6:$S$35,'Zaman'!L9),INDEX(Python_girdileri!$K$6:$K$35,'Zaman'!L9))),0) | M14: =IF('Zaman'!M13=1,IF(Girdiler!$C$91=1,IF('Zaman'!M15=1,IF(Girdiler!$C$8="P90",INDEX(Python_girdileri!$AY$6:$AY$35,'Zaman'!M9),INDEX(Python_girdileri!$AQ$6:$AQ$35,'Zaman'!M9)),IF(Girdiler!$C$8="P90",INDEX(Python_girdileri!$AI$6:$AI$35,'Zaman'!M9),INDEX(Python_girdileri!$AA$6:$AA$35,'Zaman'!M9))),IF(Girdiler!$C$8="P90",INDEX(Python_girdileri!$S$6:$S$35,'Zaman'!M9),INDEX(Python_girdileri!$K$6:$K$35,'Zaman'!M9))),0) | ... AR14: =IF('Zaman'!AR13=1,IF(Girdiler!$C$91=1,IF('Zaman'!AR15=1,IF(Girdiler!$C$8="P90",INDEX(Python_girdileri!$AY$6:$AY$35,'Zaman'!AR9),INDEX(Python_girdileri!$AQ$6:$AQ$35,'Zaman'!AR9)),IF(Girdiler!$C$8="P90",INDEX(Python_girdileri!$AI$6:$AI$35,'Zaman'!AR9),INDEX(Python_girdileri!$AA$6:$AA$35,'Zaman'!AR9))),IF(Girdiler!$C$8="P90",INDEX(Python_girdileri!$S$6:$S$35,'Zaman'!AR9),INDEX(Python_girdileri!$K$6:$K$35,'Zaman'!AR9))),0)
A15: E_A | B15: MWh | C15: Python_girdileri (rejim: katılıma göre Y1/Y0, aksi T) | D15: =SUM(F15:AR15) | E15: 0 | F15: =IF('Zaman'!F13=1,IF(Girdiler!$C$91=1,IF('Zaman'!F15=1,IF(Girdiler!$C$8="P90",INDEX(Python_girdileri!$AZ$6:$AZ$35,'Zaman'!F9),INDEX(Python_girdileri!$AR$6:$AR$35,'Zaman'!F9)),IF(Girdiler!$C$8="P90",INDEX(Python_girdileri!$AJ$6:$AJ$35,'Zaman'!F9),INDEX(Python_girdileri!$AB$6:$AB$35,'Zaman'!F9))),IF(Girdiler!$C$8="P90",INDEX(Python_girdileri!$T$6:$T$35,'Zaman'!F9),INDEX(Python_girdileri!$L$6:$L$35,'Zaman'!F9))),0) | G15: =IF('Zaman'!G13=1,IF(Girdiler!$C$91=1,IF('Zaman'!G15=1,IF(Girdiler!$C$8="P90",INDEX(Python_girdileri!$AZ$6:$AZ$35,'Zaman'!G9),INDEX(Python_girdileri!$AR$6:$AR$35,'Zaman'!G9)),IF(Girdiler!$C$8="P90",INDEX(Python_girdileri!$AJ$6:$AJ$35,'Zaman'!G9),INDEX(Python_girdileri!$AB$6:$AB$35,'Zaman'!G9))),IF(Girdiler!$C$8="P90",INDEX(Python_girdileri!$T$6:$T$35,'Zaman'!G9),INDEX(Python_girdileri!$L$6:$L$35,'Zaman'!G9))),0) | H15: =IF('Zaman'!H13=1,IF(Girdiler!$C$91=1,IF('Zaman'!H15=1,IF(Girdiler!$C$8="P90",INDEX(Python_girdileri!$AZ$6:$AZ$35,'Zaman'!H9),INDEX(Python_girdileri!$AR$6:$AR$35,'Zaman'!H9)),IF(Girdiler!$C$8="P90",INDEX(Python_girdileri!$AJ$6:$AJ$35,'Zaman'!H9),INDEX(Python_girdileri!$AB$6:$AB$35,'Zaman'!H9))),IF(Girdiler!$C$8="P90",INDEX(Python_girdileri!$T$6:$T$35,'Zaman'!H9),INDEX(Python_girdileri!$L$6:$L$35,'Zaman'!H9))),0) | I15: =IF('Zaman'!I13=1,IF(Girdiler!$C$91=1,IF('Zaman'!I15=1,IF(Girdiler!$C$8="P90",INDEX(Python_girdileri!$AZ$6:$AZ$35,'Zaman'!I9),INDEX(Python_girdileri!$AR$6:$AR$35,'Zaman'!I9)),IF(Girdiler!$C$8="P90",INDEX(Python_girdileri!$AJ$6:$AJ$35,'Zaman'!I9),INDEX(Python_girdileri!$AB$6:$AB$35,'Zaman'!I9))),IF(Girdiler!$C$8="P90",INDEX(Python_girdileri!$T$6:$T$35,'Zaman'!I9),INDEX(Python_girdileri!$L$6:$L$35,'Zaman'!I9))),0) | J15: =IF('Zaman'!J13=1,IF(Girdiler!$C$91=1,IF('Zaman'!J15=1,IF(Girdiler!$C$8="P90",INDEX(Python_girdileri!$AZ$6:$AZ$35,'Zaman'!J9),INDEX(Python_girdileri!$AR$6:$AR$35,'Zaman'!J9)),IF(Girdiler!$C$8="P90",INDEX(Python_girdileri!$AJ$6:$AJ$35,'Zaman'!J9),INDEX(Python_girdileri!$AB$6:$AB$35,'Zaman'!J9))),IF(Girdiler!$C$8="P90",INDEX(Python_girdileri!$T$6:$T$35,'Zaman'!J9),INDEX(Python_girdileri!$L$6:$L$35,'Zaman'!J9))),0) | K15: =IF('Zaman'!K13=1,IF(Girdiler!$C$91=1,IF('Zaman'!K15=1,IF(Girdiler!$C$8="P90",INDEX(Python_girdileri!$AZ$6:$AZ$35,'Zaman'!K9),INDEX(Python_girdileri!$AR$6:$AR$35,'Zaman'!K9)),IF(Girdiler!$C$8="P90",INDEX(Python_girdileri!$AJ$6:$AJ$35,'Zaman'!K9),INDEX(Python_girdileri!$AB$6:$AB$35,'Zaman'!K9))),IF(Girdiler!$C$8="P90",INDEX(Python_girdileri!$T$6:$T$35,'Zaman'!K9),INDEX(Python_girdileri!$L$6:$L$35,'Zaman'!K9))),0) | L15: =IF('Zaman'!L13=1,IF(Girdiler!$C$91=1,IF('Zaman'!L15=1,IF(Girdiler!$C$8="P90",INDEX(Python_girdileri!$AZ$6:$AZ$35,'Zaman'!L9),INDEX(Python_girdileri!$AR$6:$AR$35,'Zaman'!L9)),IF(Girdiler!$C$8="P90",INDEX(Python_girdileri!$AJ$6:$AJ$35,'Zaman'!L9),INDEX(Python_girdileri!$AB$6:$AB$35,'Zaman'!L9))),IF(Girdiler!$C$8="P90",INDEX(Python_girdileri!$T$6:$T$35,'Zaman'!L9),INDEX(Python_girdileri!$L$6:$L$35,'Zaman'!L9))),0) | M15: =IF('Zaman'!M13=1,IF(Girdiler!$C$91=1,IF('Zaman'!M15=1,IF(Girdiler!$C$8="P90",INDEX(Python_girdileri!$AZ$6:$AZ$35,'Zaman'!M9),INDEX(Python_girdileri!$AR$6:$AR$35,'Zaman'!M9)),IF(Girdiler!$C$8="P90",INDEX(Python_girdileri!$AJ$6:$AJ$35,'Zaman'!M9),INDEX(Python_girdileri!$AB$6:$AB$35,'Zaman'!M9))),IF(Girdiler!$C$8="P90",INDEX(Python_girdileri!$T$6:$T$35,'Zaman'!M9),INDEX(Python_girdileri!$L$6:$L$35,'Zaman'!M9))),0) | ... AR15: =IF('Zaman'!AR13=1,IF(Girdiler!$C$91=1,IF('Zaman'!AR15=1,IF(Girdiler!$C$8="P90",INDEX(Python_girdileri!$AZ$6:$AZ$35,'Zaman'!AR9),INDEX(Python_girdileri!$AR$6:$AR$35,'Zaman'!AR9)),IF(Girdiler!$C$8="P90",INDEX(Python_girdileri!$AJ$6:$AJ$35,'Zaman'!AR9),INDEX(Python_girdileri!$AB$6:$AB$35,'Zaman'!AR9))),IF(Girdiler!$C$8="P90",INDEX(Python_girdileri!$T$6:$T$35,'Zaman'!AR9),INDEX(Python_girdileri!$L$6:$L$35,'Zaman'!AR9))),0)
A16: Sistem kesintisi oranı κ | B16: oran | E16: 0 | F16: =IF('Zaman'!F13=1,INDEX(Python_girdileri!$D$6:$D$35,'Zaman'!F9),0) | G16: =IF('Zaman'!G13=1,INDEX(Python_girdileri!$D$6:$D$35,'Zaman'!G9),0) | H16: =IF('Zaman'!H13=1,INDEX(Python_girdileri!$D$6:$D$35,'Zaman'!H9),0) | I16: =IF('Zaman'!I13=1,INDEX(Python_girdileri!$D$6:$D$35,'Zaman'!I9),0) | J16: =IF('Zaman'!J13=1,INDEX(Python_girdileri!$D$6:$D$35,'Zaman'!J9),0) | K16: =IF('Zaman'!K13=1,INDEX(Python_girdileri!$D$6:$D$35,'Zaman'!K9),0) | L16: =IF('Zaman'!L13=1,INDEX(Python_girdileri!$D$6:$D$35,'Zaman'!L9),0) | M16: =IF('Zaman'!M13=1,INDEX(Python_girdileri!$D$6:$D$35,'Zaman'!M9),0) | ... AR16: =IF('Zaman'!AR13=1,INDEX(Python_girdileri!$D$6:$D$35,'Zaman'!AR9),0)
A17: Kesinti gelir kaybı payı | B17: oran | C17: YEKDEM yılı: YEK farkı ödenmez; tüccar: DGP tazmini | E17: 0 | F17: =IF('Zaman'!F15=1,'Uretim'!F16*(1-Girdiler!$C$58*Girdiler!$C$59)*(1-Girdiler!$C$61),'Uretim'!F16*Girdiler!$C$59*(1-Girdiler!$C$58)*(1-Girdiler!$C$60)) | G17: =IF('Zaman'!G15=1,'Uretim'!G16*(1-Girdiler!$C$58*Girdiler!$C$59)*(1-Girdiler!$C$61),'Uretim'!G16*Girdiler!$C$59*(1-Girdiler!$C$58)*(1-Girdiler!$C$60)) | H17: =IF('Zaman'!H15=1,'Uretim'!H16*(1-Girdiler!$C$58*Girdiler!$C$59)*(1-Girdiler!$C$61),'Uretim'!H16*Girdiler!$C$59*(1-Girdiler!$C$58)*(1-Girdiler!$C$60)) | I17: =IF('Zaman'!I15=1,'Uretim'!I16*(1-Girdiler!$C$58*Girdiler!$C$59)*(1-Girdiler!$C$61),'Uretim'!I16*Girdiler!$C$59*(1-Girdiler!$C$58)*(1-Girdiler!$C$60)) | J17: =IF('Zaman'!J15=1,'Uretim'!J16*(1-Girdiler!$C$58*Girdiler!$C$59)*(1-Girdiler!$C$61),'Uretim'!J16*Girdiler!$C$59*(1-Girdiler!$C$58)*(1-Girdiler!$C$60)) | K17: =IF('Zaman'!K15=1,'Uretim'!K16*(1-Girdiler!$C$58*Girdiler!$C$59)*(1-Girdiler!$C$61),'Uretim'!K16*Girdiler!$C$59*(1-Girdiler!$C$58)*(1-Girdiler!$C$60)) | L17: =IF('Zaman'!L15=1,'Uretim'!L16*(1-Girdiler!$C$58*Girdiler!$C$59)*(1-Girdiler!$C$61),'Uretim'!L16*Girdiler!$C$59*(1-Girdiler!$C$58)*(1-Girdiler!$C$60)) | M17: =IF('Zaman'!M15=1,'Uretim'!M16*(1-Girdiler!$C$58*Girdiler!$C$59)*(1-Girdiler!$C$61),'Uretim'!M16*Girdiler!$C$59*(1-Girdiler!$C$58)*(1-Girdiler!$C$60)) | ... AR17: =IF('Zaman'!AR15=1,'Uretim'!AR16*(1-Girdiler!$C$58*Girdiler!$C$59)*(1-Girdiler!$C$61),'Uretim'!AR16*Girdiler!$C$59*(1-Girdiler!$C$58)*(1-Girdiler!$C$60))
A18: Kesinti enerji kaybı payı | B18: oran | E18: 0 | F18: ='Uretim'!F16*(1-Girdiler!$C$61) | G18: ='Uretim'!G16*(1-Girdiler!$C$61) | H18: ='Uretim'!H16*(1-Girdiler!$C$61) | I18: ='Uretim'!I16*(1-Girdiler!$C$61) | J18: ='Uretim'!J16*(1-Girdiler!$C$61) | K18: ='Uretim'!K16*(1-Girdiler!$C$61) | L18: ='Uretim'!L16*(1-Girdiler!$C$61) | M18: ='Uretim'!M16*(1-Girdiler!$C$61) | ... AR18: ='Uretim'!AR16*(1-Girdiler!$C$61)
A19: RES satılan enerji (kesinti sonrası) | B19: MWh | D19: =SUM(F19:AR19) | E19: 0 | F19: ='Uretim'!F9*(1-'Uretim'!F18) | G19: ='Uretim'!G9*(1-'Uretim'!G18) | H19: ='Uretim'!H9*(1-'Uretim'!H18) | I19: ='Uretim'!I9*(1-'Uretim'!I18) | J19: ='Uretim'!J9*(1-'Uretim'!J18) | K19: ='Uretim'!K9*(1-'Uretim'!K18) | L19: ='Uretim'!L9*(1-'Uretim'!L18) | M19: ='Uretim'!M9*(1-'Uretim'!M18) | ... AR19: ='Uretim'!AR9*(1-'Uretim'!AR18)
A20: Toplam satılan enerji | B20: MWh | D20: =SUM(F20:AR20) | E20: 0 | F20: ='Uretim'!F19+'Uretim'!F11 | G20: ='Uretim'!G19+'Uretim'!G11 | H20: ='Uretim'!H19+'Uretim'!H11 | I20: ='Uretim'!I19+'Uretim'!I11 | J20: ='Uretim'!J19+'Uretim'!J11 | K20: ='Uretim'!K19+'Uretim'!K11 | L20: ='Uretim'!L19+'Uretim'!L11 | M20: ='Uretim'!M19+'Uretim'!M11 | ... AR20: ='Uretim'!AR19+'Uretim'!AR11
A22: — Blok: P90 (borç boyutlandırma) —
A23: gelir_res_q | B23: birim | C23: Python_girdileri (rejim: katılıma göre Y1/Y0, aksi T) | D23: =SUM(F23:AR23) | E23: 0 | F23: =IF('Zaman'!F13=1,IF(Girdiler!$C$91=1,IF('Zaman'!F15=1,INDEX(Python_girdileri!$AS$6:$AS$35,'Zaman'!F9),INDEX(Python_girdileri!$AC$6:$AC$35,'Zaman'!F9)),INDEX(Python_girdileri!$M$6:$M$35,'Zaman'!F9)),0) | G23: =IF('Zaman'!G13=1,IF(Girdiler!$C$91=1,IF('Zaman'!G15=1,INDEX(Python_girdileri!$AS$6:$AS$35,'Zaman'!G9),INDEX(Python_girdileri!$AC$6:$AC$35,'Zaman'!G9)),INDEX(Python_girdileri!$M$6:$M$35,'Zaman'!G9)),0) | H23: =IF('Zaman'!H13=1,IF(Girdiler!$C$91=1,IF('Zaman'!H15=1,INDEX(Python_girdileri!$AS$6:$AS$35,'Zaman'!H9),INDEX(Python_girdileri!$AC$6:$AC$35,'Zaman'!H9)),INDEX(Python_girdileri!$M$6:$M$35,'Zaman'!H9)),0) | I23: =IF('Zaman'!I13=1,IF(Girdiler!$C$91=1,IF('Zaman'!I15=1,INDEX(Python_girdileri!$AS$6:$AS$35,'Zaman'!I9),INDEX(Python_girdileri!$AC$6:$AC$35,'Zaman'!I9)),INDEX(Python_girdileri!$M$6:$M$35,'Zaman'!I9)),0) | J23: =IF('Zaman'!J13=1,IF(Girdiler!$C$91=1,IF('Zaman'!J15=1,INDEX(Python_girdileri!$AS$6:$AS$35,'Zaman'!J9),INDEX(Python_girdileri!$AC$6:$AC$35,'Zaman'!J9)),INDEX(Python_girdileri!$M$6:$M$35,'Zaman'!J9)),0) | K23: =IF('Zaman'!K13=1,IF(Girdiler!$C$91=1,IF('Zaman'!K15=1,INDEX(Python_girdileri!$AS$6:$AS$35,'Zaman'!K9),INDEX(Python_girdileri!$AC$6:$AC$35,'Zaman'!K9)),INDEX(Python_girdileri!$M$6:$M$35,'Zaman'!K9)),0) | L23: =IF('Zaman'!L13=1,IF(Girdiler!$C$91=1,IF('Zaman'!L15=1,INDEX(Python_girdileri!$AS$6:$AS$35,'Zaman'!L9),INDEX(Python_girdileri!$AC$6:$AC$35,'Zaman'!L9)),INDEX(Python_girdileri!$M$6:$M$35,'Zaman'!L9)),0) | M23: =IF('Zaman'!M13=1,IF(Girdiler!$C$91=1,IF('Zaman'!M15=1,INDEX(Python_girdileri!$AS$6:$AS$35,'Zaman'!M9),INDEX(Python_girdileri!$AC$6:$AC$35,'Zaman'!M9)),INDEX(Python_girdileri!$M$6:$M$35,'Zaman'!M9)),0) | ... AR23: =IF('Zaman'!AR13=1,IF(Girdiler!$C$91=1,IF('Zaman'!AR15=1,INDEX(Python_girdileri!$AS$6:$AS$35,'Zaman'!AR9),INDEX(Python_girdileri!$AC$6:$AC$35,'Zaman'!AR9)),INDEX(Python_girdileri!$M$6:$M$35,'Zaman'!AR9)),0)
A24: E_res | B24: MWh | C24: Python_girdileri (rejim: katılıma göre Y1/Y0, aksi T) | D24: =SUM(F24:AR24) | E24: 0 | F24: =IF('Zaman'!F13=1,IF(Girdiler!$C$91=1,IF('Zaman'!F15=1,INDEX(Python_girdileri!$AT$6:$AT$35,'Zaman'!F9),INDEX(Python_girdileri!$AD$6:$AD$35,'Zaman'!F9)),INDEX(Python_girdileri!$N$6:$N$35,'Zaman'!F9)),0) | G24: =IF('Zaman'!G13=1,IF(Girdiler!$C$91=1,IF('Zaman'!G15=1,INDEX(Python_girdileri!$AT$6:$AT$35,'Zaman'!G9),INDEX(Python_girdileri!$AD$6:$AD$35,'Zaman'!G9)),INDEX(Python_girdileri!$N$6:$N$35,'Zaman'!G9)),0) | H24: =IF('Zaman'!H13=1,IF(Girdiler!$C$91=1,IF('Zaman'!H15=1,INDEX(Python_girdileri!$AT$6:$AT$35,'Zaman'!H9),INDEX(Python_girdileri!$AD$6:$AD$35,'Zaman'!H9)),INDEX(Python_girdileri!$N$6:$N$35,'Zaman'!H9)),0) | I24: =IF('Zaman'!I13=1,IF(Girdiler!$C$91=1,IF('Zaman'!I15=1,INDEX(Python_girdileri!$AT$6:$AT$35,'Zaman'!I9),INDEX(Python_girdileri!$AD$6:$AD$35,'Zaman'!I9)),INDEX(Python_girdileri!$N$6:$N$35,'Zaman'!I9)),0) | J24: =IF('Zaman'!J13=1,IF(Girdiler!$C$91=1,IF('Zaman'!J15=1,INDEX(Python_girdileri!$AT$6:$AT$35,'Zaman'!J9),INDEX(Python_girdileri!$AD$6:$AD$35,'Zaman'!J9)),INDEX(Python_girdileri!$N$6:$N$35,'Zaman'!J9)),0) | K24: =IF('Zaman'!K13=1,IF(Girdiler!$C$91=1,IF('Zaman'!K15=1,INDEX(Python_girdileri!$AT$6:$AT$35,'Zaman'!K9),INDEX(Python_girdileri!$AD$6:$AD$35,'Zaman'!K9)),INDEX(Python_girdileri!$N$6:$N$35,'Zaman'!K9)),0) | L24: =IF('Zaman'!L13=1,IF(Girdiler!$C$91=1,IF('Zaman'!L15=1,INDEX(Python_girdileri!$AT$6:$AT$35,'Zaman'!L9),INDEX(Python_girdileri!$AD$6:$AD$35,'Zaman'!L9)),INDEX(Python_girdileri!$N$6:$N$35,'Zaman'!L9)),0) | M24: =IF('Zaman'!M13=1,IF(Girdiler!$C$91=1,IF('Zaman'!M15=1,INDEX(Python_girdileri!$AT$6:$AT$35,'Zaman'!M9),INDEX(Python_girdileri!$AD$6:$AD$35,'Zaman'!M9)),INDEX(Python_girdileri!$N$6:$N$35,'Zaman'!M9)),0) | ... AR24: =IF('Zaman'!AR13=1,IF(Girdiler!$C$91=1,IF('Zaman'!AR15=1,INDEX(Python_girdileri!$AT$6:$AT$35,'Zaman'!AR9),INDEX(Python_girdileri!$AD$6:$AD$35,'Zaman'!AR9)),INDEX(Python_girdileri!$N$6:$N$35,'Zaman'!AR9)),0)
A25: gelir_d_q | B25: birim | C25: Python_girdileri (rejim: katılıma göre Y1/Y0, aksi T) | D25: =SUM(F25:AR25) | E25: 0 | F25: =IF('Zaman'!F13=1,IF(Girdiler!$C$91=1,IF('Zaman'!F15=1,INDEX(Python_girdileri!$AU$6:$AU$35,'Zaman'!F9),INDEX(Python_girdileri!$AE$6:$AE$35,'Zaman'!F9)),INDEX(Python_girdileri!$O$6:$O$35,'Zaman'!F9)),0) | G25: =IF('Zaman'!G13=1,IF(Girdiler!$C$91=1,IF('Zaman'!G15=1,INDEX(Python_girdileri!$AU$6:$AU$35,'Zaman'!G9),INDEX(Python_girdileri!$AE$6:$AE$35,'Zaman'!G9)),INDEX(Python_girdileri!$O$6:$O$35,'Zaman'!G9)),0) | H25: =IF('Zaman'!H13=1,IF(Girdiler!$C$91=1,IF('Zaman'!H15=1,INDEX(Python_girdileri!$AU$6:$AU$35,'Zaman'!H9),INDEX(Python_girdileri!$AE$6:$AE$35,'Zaman'!H9)),INDEX(Python_girdileri!$O$6:$O$35,'Zaman'!H9)),0) | I25: =IF('Zaman'!I13=1,IF(Girdiler!$C$91=1,IF('Zaman'!I15=1,INDEX(Python_girdileri!$AU$6:$AU$35,'Zaman'!I9),INDEX(Python_girdileri!$AE$6:$AE$35,'Zaman'!I9)),INDEX(Python_girdileri!$O$6:$O$35,'Zaman'!I9)),0) | J25: =IF('Zaman'!J13=1,IF(Girdiler!$C$91=1,IF('Zaman'!J15=1,INDEX(Python_girdileri!$AU$6:$AU$35,'Zaman'!J9),INDEX(Python_girdileri!$AE$6:$AE$35,'Zaman'!J9)),INDEX(Python_girdileri!$O$6:$O$35,'Zaman'!J9)),0) | K25: =IF('Zaman'!K13=1,IF(Girdiler!$C$91=1,IF('Zaman'!K15=1,INDEX(Python_girdileri!$AU$6:$AU$35,'Zaman'!K9),INDEX(Python_girdileri!$AE$6:$AE$35,'Zaman'!K9)),INDEX(Python_girdileri!$O$6:$O$35,'Zaman'!K9)),0) | L25: =IF('Zaman'!L13=1,IF(Girdiler!$C$91=1,IF('Zaman'!L15=1,INDEX(Python_girdileri!$AU$6:$AU$35,'Zaman'!L9),INDEX(Python_girdileri!$AE$6:$AE$35,'Zaman'!L9)),INDEX(Python_girdileri!$O$6:$O$35,'Zaman'!L9)),0) | M25: =IF('Zaman'!M13=1,IF(Girdiler!$C$91=1,IF('Zaman'!M15=1,INDEX(Python_girdileri!$AU$6:$AU$35,'Zaman'!M9),INDEX(Python_girdileri!$AE$6:$AE$35,'Zaman'!M9)),INDEX(Python_girdileri!$O$6:$O$35,'Zaman'!M9)),0) | ... AR25: =IF('Zaman'!AR13=1,IF(Girdiler!$C$91=1,IF('Zaman'!AR15=1,INDEX(Python_girdileri!$AU$6:$AU$35,'Zaman'!AR9),INDEX(Python_girdileri!$AE$6:$AE$35,'Zaman'!AR9)),INDEX(Python_girdileri!$O$6:$O$35,'Zaman'!AR9)),0)
A26: E_d | B26: MWh | C26: Python_girdileri (rejim: katılıma göre Y1/Y0, aksi T) | D26: =SUM(F26:AR26) | E26: 0 | F26: =IF('Zaman'!F13=1,IF(Girdiler!$C$91=1,IF('Zaman'!F15=1,INDEX(Python_girdileri!$AV$6:$AV$35,'Zaman'!F9),INDEX(Python_girdileri!$AF$6:$AF$35,'Zaman'!F9)),INDEX(Python_girdileri!$P$6:$P$35,'Zaman'!F9)),0) | G26: =IF('Zaman'!G13=1,IF(Girdiler!$C$91=1,IF('Zaman'!G15=1,INDEX(Python_girdileri!$AV$6:$AV$35,'Zaman'!G9),INDEX(Python_girdileri!$AF$6:$AF$35,'Zaman'!G9)),INDEX(Python_girdileri!$P$6:$P$35,'Zaman'!G9)),0) | H26: =IF('Zaman'!H13=1,IF(Girdiler!$C$91=1,IF('Zaman'!H15=1,INDEX(Python_girdileri!$AV$6:$AV$35,'Zaman'!H9),INDEX(Python_girdileri!$AF$6:$AF$35,'Zaman'!H9)),INDEX(Python_girdileri!$P$6:$P$35,'Zaman'!H9)),0) | I26: =IF('Zaman'!I13=1,IF(Girdiler!$C$91=1,IF('Zaman'!I15=1,INDEX(Python_girdileri!$AV$6:$AV$35,'Zaman'!I9),INDEX(Python_girdileri!$AF$6:$AF$35,'Zaman'!I9)),INDEX(Python_girdileri!$P$6:$P$35,'Zaman'!I9)),0) | J26: =IF('Zaman'!J13=1,IF(Girdiler!$C$91=1,IF('Zaman'!J15=1,INDEX(Python_girdileri!$AV$6:$AV$35,'Zaman'!J9),INDEX(Python_girdileri!$AF$6:$AF$35,'Zaman'!J9)),INDEX(Python_girdileri!$P$6:$P$35,'Zaman'!J9)),0) | K26: =IF('Zaman'!K13=1,IF(Girdiler!$C$91=1,IF('Zaman'!K15=1,INDEX(Python_girdileri!$AV$6:$AV$35,'Zaman'!K9),INDEX(Python_girdileri!$AF$6:$AF$35,'Zaman'!K9)),INDEX(Python_girdileri!$P$6:$P$35,'Zaman'!K9)),0) | L26: =IF('Zaman'!L13=1,IF(Girdiler!$C$91=1,IF('Zaman'!L15=1,INDEX(Python_girdileri!$AV$6:$AV$35,'Zaman'!L9),INDEX(Python_girdileri!$AF$6:$AF$35,'Zaman'!L9)),INDEX(Python_girdileri!$P$6:$P$35,'Zaman'!L9)),0) | M26: =IF('Zaman'!M13=1,IF(Girdiler!$C$91=1,IF('Zaman'!M15=1,INDEX(Python_girdileri!$AV$6:$AV$35,'Zaman'!M9),INDEX(Python_girdileri!$AF$6:$AF$35,'Zaman'!M9)),INDEX(Python_girdileri!$P$6:$P$35,'Zaman'!M9)),0) | ... AR26: =IF('Zaman'!AR13=1,IF(Girdiler!$C$91=1,IF('Zaman'!AR15=1,INDEX(Python_girdileri!$AV$6:$AV$35,'Zaman'!AR9),INDEX(Python_girdileri!$AF$6:$AF$35,'Zaman'!AR9)),INDEX(Python_girdileri!$P$6:$P$35,'Zaman'!AR9)),0)
A27: yh_a | B27: birim | C27: Python_girdileri (rejim: katılıma göre Y1/Y0, aksi T) | D27: =SUM(F27:AR27) | E27: 0 | F27: =IF('Zaman'!F13=1,IF(Girdiler!$C$91=1,IF('Zaman'!F15=1,INDEX(Python_girdileri!$AW$6:$AW$35,'Zaman'!F9),INDEX(Python_girdileri!$AG$6:$AG$35,'Zaman'!F9)),INDEX(Python_girdileri!$Q$6:$Q$35,'Zaman'!F9)),0) | G27: =IF('Zaman'!G13=1,IF(Girdiler!$C$91=1,IF('Zaman'!G15=1,INDEX(Python_girdileri!$AW$6:$AW$35,'Zaman'!G9),INDEX(Python_girdileri!$AG$6:$AG$35,'Zaman'!G9)),INDEX(Python_girdileri!$Q$6:$Q$35,'Zaman'!G9)),0) | H27: =IF('Zaman'!H13=1,IF(Girdiler!$C$91=1,IF('Zaman'!H15=1,INDEX(Python_girdileri!$AW$6:$AW$35,'Zaman'!H9),INDEX(Python_girdileri!$AG$6:$AG$35,'Zaman'!H9)),INDEX(Python_girdileri!$Q$6:$Q$35,'Zaman'!H9)),0) | I27: =IF('Zaman'!I13=1,IF(Girdiler!$C$91=1,IF('Zaman'!I15=1,INDEX(Python_girdileri!$AW$6:$AW$35,'Zaman'!I9),INDEX(Python_girdileri!$AG$6:$AG$35,'Zaman'!I9)),INDEX(Python_girdileri!$Q$6:$Q$35,'Zaman'!I9)),0) | J27: =IF('Zaman'!J13=1,IF(Girdiler!$C$91=1,IF('Zaman'!J15=1,INDEX(Python_girdileri!$AW$6:$AW$35,'Zaman'!J9),INDEX(Python_girdileri!$AG$6:$AG$35,'Zaman'!J9)),INDEX(Python_girdileri!$Q$6:$Q$35,'Zaman'!J9)),0) | K27: =IF('Zaman'!K13=1,IF(Girdiler!$C$91=1,IF('Zaman'!K15=1,INDEX(Python_girdileri!$AW$6:$AW$35,'Zaman'!K9),INDEX(Python_girdileri!$AG$6:$AG$35,'Zaman'!K9)),INDEX(Python_girdileri!$Q$6:$Q$35,'Zaman'!K9)),0) | L27: =IF('Zaman'!L13=1,IF(Girdiler!$C$91=1,IF('Zaman'!L15=1,INDEX(Python_girdileri!$AW$6:$AW$35,'Zaman'!L9),INDEX(Python_girdileri!$AG$6:$AG$35,'Zaman'!L9)),INDEX(Python_girdileri!$Q$6:$Q$35,'Zaman'!L9)),0) | M27: =IF('Zaman'!M13=1,IF(Girdiler!$C$91=1,IF('Zaman'!M15=1,INDEX(Python_girdileri!$AW$6:$AW$35,'Zaman'!M9),INDEX(Python_girdileri!$AG$6:$AG$35,'Zaman'!M9)),INDEX(Python_girdileri!$Q$6:$Q$35,'Zaman'!M9)),0) | ... AR27: =IF('Zaman'!AR13=1,IF(Girdiler!$C$91=1,IF('Zaman'!AR15=1,INDEX(Python_girdileri!$AW$6:$AW$35,'Zaman'!AR9),INDEX(Python_girdileri!$AG$6:$AG$35,'Zaman'!AR9)),INDEX(Python_girdileri!$Q$6:$Q$35,'Zaman'!AR9)),0)
A28: rezerv | B28: MWh | C28: Python_girdileri (rejim: katılıma göre Y1/Y0, aksi T) | D28: =SUM(F28:AR28) | E28: 0 | F28: =IF('Zaman'!F13=1,IF(Girdiler!$C$91=1,IF('Zaman'!F15=1,INDEX(Python_girdileri!$AX$6:$AX$35,'Zaman'!F9),INDEX(Python_girdileri!$AH$6:$AH$35,'Zaman'!F9)),INDEX(Python_girdileri!$R$6:$R$35,'Zaman'!F9)),0) | G28: =IF('Zaman'!G13=1,IF(Girdiler!$C$91=1,IF('Zaman'!G15=1,INDEX(Python_girdileri!$AX$6:$AX$35,'Zaman'!G9),INDEX(Python_girdileri!$AH$6:$AH$35,'Zaman'!G9)),INDEX(Python_girdileri!$R$6:$R$35,'Zaman'!G9)),0) | H28: =IF('Zaman'!H13=1,IF(Girdiler!$C$91=1,IF('Zaman'!H15=1,INDEX(Python_girdileri!$AX$6:$AX$35,'Zaman'!H9),INDEX(Python_girdileri!$AH$6:$AH$35,'Zaman'!H9)),INDEX(Python_girdileri!$R$6:$R$35,'Zaman'!H9)),0) | I28: =IF('Zaman'!I13=1,IF(Girdiler!$C$91=1,IF('Zaman'!I15=1,INDEX(Python_girdileri!$AX$6:$AX$35,'Zaman'!I9),INDEX(Python_girdileri!$AH$6:$AH$35,'Zaman'!I9)),INDEX(Python_girdileri!$R$6:$R$35,'Zaman'!I9)),0) | J28: =IF('Zaman'!J13=1,IF(Girdiler!$C$91=1,IF('Zaman'!J15=1,INDEX(Python_girdileri!$AX$6:$AX$35,'Zaman'!J9),INDEX(Python_girdileri!$AH$6:$AH$35,'Zaman'!J9)),INDEX(Python_girdileri!$R$6:$R$35,'Zaman'!J9)),0) | K28: =IF('Zaman'!K13=1,IF(Girdiler!$C$91=1,IF('Zaman'!K15=1,INDEX(Python_girdileri!$AX$6:$AX$35,'Zaman'!K9),INDEX(Python_girdileri!$AH$6:$AH$35,'Zaman'!K9)),INDEX(Python_girdileri!$R$6:$R$35,'Zaman'!K9)),0) | L28: =IF('Zaman'!L13=1,IF(Girdiler!$C$91=1,IF('Zaman'!L15=1,INDEX(Python_girdileri!$AX$6:$AX$35,'Zaman'!L9),INDEX(Python_girdileri!$AH$6:$AH$35,'Zaman'!L9)),INDEX(Python_girdileri!$R$6:$R$35,'Zaman'!L9)),0) | M28: =IF('Zaman'!M13=1,IF(Girdiler!$C$91=1,IF('Zaman'!M15=1,INDEX(Python_girdileri!$AX$6:$AX$35,'Zaman'!M9),INDEX(Python_girdileri!$AH$6:$AH$35,'Zaman'!M9)),INDEX(Python_girdileri!$R$6:$R$35,'Zaman'!M9)),0) | ... AR28: =IF('Zaman'!AR13=1,IF(Girdiler!$C$91=1,IF('Zaman'!AR15=1,INDEX(Python_girdileri!$AX$6:$AX$35,'Zaman'!AR9),INDEX(Python_girdileri!$AH$6:$AH$35,'Zaman'!AR9)),INDEX(Python_girdileri!$R$6:$R$35,'Zaman'!AR9)),0)
A29: E_k | B29: MWh | C29: Python_girdileri (rejim: katılıma göre Y1/Y0, aksi T) | D29: =SUM(F29:AR29) | E29: 0 | F29: =IF('Zaman'!F13=1,IF(Girdiler!$C$91=1,IF('Zaman'!F15=1,INDEX(Python_girdileri!$AY$6:$AY$35,'Zaman'!F9),INDEX(Python_girdileri!$AI$6:$AI$35,'Zaman'!F9)),INDEX(Python_girdileri!$S$6:$S$35,'Zaman'!F9)),0) | G29: =IF('Zaman'!G13=1,IF(Girdiler!$C$91=1,IF('Zaman'!G15=1,INDEX(Python_girdileri!$AY$6:$AY$35,'Zaman'!G9),INDEX(Python_girdileri!$AI$6:$AI$35,'Zaman'!G9)),INDEX(Python_girdileri!$S$6:$S$35,'Zaman'!G9)),0) | H29: =IF('Zaman'!H13=1,IF(Girdiler!$C$91=1,IF('Zaman'!H15=1,INDEX(Python_girdileri!$AY$6:$AY$35,'Zaman'!H9),INDEX(Python_girdileri!$AI$6:$AI$35,'Zaman'!H9)),INDEX(Python_girdileri!$S$6:$S$35,'Zaman'!H9)),0) | I29: =IF('Zaman'!I13=1,IF(Girdiler!$C$91=1,IF('Zaman'!I15=1,INDEX(Python_girdileri!$AY$6:$AY$35,'Zaman'!I9),INDEX(Python_girdileri!$AI$6:$AI$35,'Zaman'!I9)),INDEX(Python_girdileri!$S$6:$S$35,'Zaman'!I9)),0) | J29: =IF('Zaman'!J13=1,IF(Girdiler!$C$91=1,IF('Zaman'!J15=1,INDEX(Python_girdileri!$AY$6:$AY$35,'Zaman'!J9),INDEX(Python_girdileri!$AI$6:$AI$35,'Zaman'!J9)),INDEX(Python_girdileri!$S$6:$S$35,'Zaman'!J9)),0) | K29: =IF('Zaman'!K13=1,IF(Girdiler!$C$91=1,IF('Zaman'!K15=1,INDEX(Python_girdileri!$AY$6:$AY$35,'Zaman'!K9),INDEX(Python_girdileri!$AI$6:$AI$35,'Zaman'!K9)),INDEX(Python_girdileri!$S$6:$S$35,'Zaman'!K9)),0) | L29: =IF('Zaman'!L13=1,IF(Girdiler!$C$91=1,IF('Zaman'!L15=1,INDEX(Python_girdileri!$AY$6:$AY$35,'Zaman'!L9),INDEX(Python_girdileri!$AI$6:$AI$35,'Zaman'!L9)),INDEX(Python_girdileri!$S$6:$S$35,'Zaman'!L9)),0) | M29: =IF('Zaman'!M13=1,IF(Girdiler!$C$91=1,IF('Zaman'!M15=1,INDEX(Python_girdileri!$AY$6:$AY$35,'Zaman'!M9),INDEX(Python_girdileri!$AI$6:$AI$35,'Zaman'!M9)),INDEX(Python_girdileri!$S$6:$S$35,'Zaman'!M9)),0) | ... AR29: =IF('Zaman'!AR13=1,IF(Girdiler!$C$91=1,IF('Zaman'!AR15=1,INDEX(Python_girdileri!$AY$6:$AY$35,'Zaman'!AR9),INDEX(Python_girdileri!$AI$6:$AI$35,'Zaman'!AR9)),INDEX(Python_girdileri!$S$6:$S$35,'Zaman'!AR9)),0)
A30: E_A | B30: MWh | C30: Python_girdileri (rejim: katılıma göre Y1/Y0, aksi T) | D30: =SUM(F30:AR30) | E30: 0 | F30: =IF('Zaman'!F13=1,IF(Girdiler!$C$91=1,IF('Zaman'!F15=1,INDEX(Python_girdileri!$AZ$6:$AZ$35,'Zaman'!F9),INDEX(Python_girdileri!$AJ$6:$AJ$35,'Zaman'!F9)),INDEX(Python_girdileri!$T$6:$T$35,'Zaman'!F9)),0) | G30: =IF('Zaman'!G13=1,IF(Girdiler!$C$91=1,IF('Zaman'!G15=1,INDEX(Python_girdileri!$AZ$6:$AZ$35,'Zaman'!G9),INDEX(Python_girdileri!$AJ$6:$AJ$35,'Zaman'!G9)),INDEX(Python_girdileri!$T$6:$T$35,'Zaman'!G9)),0) | H30: =IF('Zaman'!H13=1,IF(Girdiler!$C$91=1,IF('Zaman'!H15=1,INDEX(Python_girdileri!$AZ$6:$AZ$35,'Zaman'!H9),INDEX(Python_girdileri!$AJ$6:$AJ$35,'Zaman'!H9)),INDEX(Python_girdileri!$T$6:$T$35,'Zaman'!H9)),0) | I30: =IF('Zaman'!I13=1,IF(Girdiler!$C$91=1,IF('Zaman'!I15=1,INDEX(Python_girdileri!$AZ$6:$AZ$35,'Zaman'!I9),INDEX(Python_girdileri!$AJ$6:$AJ$35,'Zaman'!I9)),INDEX(Python_girdileri!$T$6:$T$35,'Zaman'!I9)),0) | J30: =IF('Zaman'!J13=1,IF(Girdiler!$C$91=1,IF('Zaman'!J15=1,INDEX(Python_girdileri!$AZ$6:$AZ$35,'Zaman'!J9),INDEX(Python_girdileri!$AJ$6:$AJ$35,'Zaman'!J9)),INDEX(Python_girdileri!$T$6:$T$35,'Zaman'!J9)),0) | K30: =IF('Zaman'!K13=1,IF(Girdiler!$C$91=1,IF('Zaman'!K15=1,INDEX(Python_girdileri!$AZ$6:$AZ$35,'Zaman'!K9),INDEX(Python_girdileri!$AJ$6:$AJ$35,'Zaman'!K9)),INDEX(Python_girdileri!$T$6:$T$35,'Zaman'!K9)),0) | L30: =IF('Zaman'!L13=1,IF(Girdiler!$C$91=1,IF('Zaman'!L15=1,INDEX(Python_girdileri!$AZ$6:$AZ$35,'Zaman'!L9),INDEX(Python_girdileri!$AJ$6:$AJ$35,'Zaman'!L9)),INDEX(Python_girdileri!$T$6:$T$35,'Zaman'!L9)),0) | M30: =IF('Zaman'!M13=1,IF(Girdiler!$C$91=1,IF('Zaman'!M15=1,INDEX(Python_girdileri!$AZ$6:$AZ$35,'Zaman'!M9),INDEX(Python_girdileri!$AJ$6:$AJ$35,'Zaman'!M9)),INDEX(Python_girdileri!$T$6:$T$35,'Zaman'!M9)),0) | ... AR30: =IF('Zaman'!AR13=1,IF(Girdiler!$C$91=1,IF('Zaman'!AR15=1,INDEX(Python_girdileri!$AZ$6:$AZ$35,'Zaman'!AR9),INDEX(Python_girdileri!$AJ$6:$AJ$35,'Zaman'!AR9)),INDEX(Python_girdileri!$T$6:$T$35,'Zaman'!AR9)),0)
A31: Sistem kesintisi oranı κ | B31: oran | E31: 0 | F31: =IF('Zaman'!F13=1,INDEX(Python_girdileri!$D$6:$D$35,'Zaman'!F9),0) | G31: =IF('Zaman'!G13=1,INDEX(Python_girdileri!$D$6:$D$35,'Zaman'!G9),0) | H31: =IF('Zaman'!H13=1,INDEX(Python_girdileri!$D$6:$D$35,'Zaman'!H9),0) | I31: =IF('Zaman'!I13=1,INDEX(Python_girdileri!$D$6:$D$35,'Zaman'!I9),0) | J31: =IF('Zaman'!J13=1,INDEX(Python_girdileri!$D$6:$D$35,'Zaman'!J9),0) | K31: =IF('Zaman'!K13=1,INDEX(Python_girdileri!$D$6:$D$35,'Zaman'!K9),0) | L31: =IF('Zaman'!L13=1,INDEX(Python_girdileri!$D$6:$D$35,'Zaman'!L9),0) | M31: =IF('Zaman'!M13=1,INDEX(Python_girdileri!$D$6:$D$35,'Zaman'!M9),0) | ... AR31: =IF('Zaman'!AR13=1,INDEX(Python_girdileri!$D$6:$D$35,'Zaman'!AR9),0)
A32: Kesinti gelir kaybı payı | B32: oran | C32: YEKDEM yılı: YEK farkı ödenmez; tüccar: DGP tazmini | E32: 0 | F32: =IF('Zaman'!F15=1,'Uretim'!F31*(1-Girdiler!$C$58*Girdiler!$C$59)*(1-Girdiler!$C$61),'Uretim'!F31*Girdiler!$C$59*(1-Girdiler!$C$58)*(1-Girdiler!$C$60)) | G32: =IF('Zaman'!G15=1,'Uretim'!G31*(1-Girdiler!$C$58*Girdiler!$C$59)*(1-Girdiler!$C$61),'Uretim'!G31*Girdiler!$C$59*(1-Girdiler!$C$58)*(1-Girdiler!$C$60)) | H32: =IF('Zaman'!H15=1,'Uretim'!H31*(1-Girdiler!$C$58*Girdiler!$C$59)*(1-Girdiler!$C$61),'Uretim'!H31*Girdiler!$C$59*(1-Girdiler!$C$58)*(1-Girdiler!$C$60)) | I32: =IF('Zaman'!I15=1,'Uretim'!I31*(1-Girdiler!$C$58*Girdiler!$C$59)*(1-Girdiler!$C$61),'Uretim'!I31*Girdiler!$C$59*(1-Girdiler!$C$58)*(1-Girdiler!$C$60)) | J32: =IF('Zaman'!J15=1,'Uretim'!J31*(1-Girdiler!$C$58*Girdiler!$C$59)*(1-Girdiler!$C$61),'Uretim'!J31*Girdiler!$C$59*(1-Girdiler!$C$58)*(1-Girdiler!$C$60)) | K32: =IF('Zaman'!K15=1,'Uretim'!K31*(1-Girdiler!$C$58*Girdiler!$C$59)*(1-Girdiler!$C$61),'Uretim'!K31*Girdiler!$C$59*(1-Girdiler!$C$58)*(1-Girdiler!$C$60)) | L32: =IF('Zaman'!L15=1,'Uretim'!L31*(1-Girdiler!$C$58*Girdiler!$C$59)*(1-Girdiler!$C$61),'Uretim'!L31*Girdiler!$C$59*(1-Girdiler!$C$58)*(1-Girdiler!$C$60)) | M32: =IF('Zaman'!M15=1,'Uretim'!M31*(1-Girdiler!$C$58*Girdiler!$C$59)*(1-Girdiler!$C$61),'Uretim'!M31*Girdiler!$C$59*(1-Girdiler!$C$58)*(1-Girdiler!$C$60)) | ... AR32: =IF('Zaman'!AR15=1,'Uretim'!AR31*(1-Girdiler!$C$58*Girdiler!$C$59)*(1-Girdiler!$C$61),'Uretim'!AR31*Girdiler!$C$59*(1-Girdiler!$C$58)*(1-Girdiler!$C$60))
A33: Kesinti enerji kaybı payı | B33: oran | E33: 0 | F33: ='Uretim'!F31*(1-Girdiler!$C$61) | G33: ='Uretim'!G31*(1-Girdiler!$C$61) | H33: ='Uretim'!H31*(1-Girdiler!$C$61) | I33: ='Uretim'!I31*(1-Girdiler!$C$61) | J33: ='Uretim'!J31*(1-Girdiler!$C$61) | K33: ='Uretim'!K31*(1-Girdiler!$C$61) | L33: ='Uretim'!L31*(1-Girdiler!$C$61) | M33: ='Uretim'!M31*(1-Girdiler!$C$61) | ... AR33: ='Uretim'!AR31*(1-Girdiler!$C$61)
A34: RES satılan enerji (kesinti sonrası) | B34: MWh | D34: =SUM(F34:AR34) | E34: 0 | F34: ='Uretim'!F24*(1-'Uretim'!F33) | G34: ='Uretim'!G24*(1-'Uretim'!G33) | H34: ='Uretim'!H24*(1-'Uretim'!H33) | I34: ='Uretim'!I24*(1-'Uretim'!I33) | J34: ='Uretim'!J24*(1-'Uretim'!J33) | K34: ='Uretim'!K24*(1-'Uretim'!K33) | L34: ='Uretim'!L24*(1-'Uretim'!L33) | M34: ='Uretim'!M24*(1-'Uretim'!M33) | ... AR34: ='Uretim'!AR24*(1-'Uretim'!AR33)
A35: Toplam satılan enerji | B35: MWh | D35: =SUM(F35:AR35) | E35: 0 | F35: ='Uretim'!F34+'Uretim'!F26 | G35: ='Uretim'!G34+'Uretim'!G26 | H35: ='Uretim'!H34+'Uretim'!H26 | I35: ='Uretim'!I34+'Uretim'!I26 | J35: ='Uretim'!J34+'Uretim'!J26 | K35: ='Uretim'!K34+'Uretim'!K26 | L35: ='Uretim'!L34+'Uretim'!L26 | M35: ='Uretim'!M34+'Uretim'!M26 | ... AR35: ='Uretim'!AR34+'Uretim'!AR26

Sheet Gelir
A1: Gelir
A4: Kalem | B4: Birim | C4: Not / kaynak | D4: Toplam / değer | E4: t0 (bugün) | F4: 2026 | G4: 2027 | H4: 2028 | I4: 2029 | J4: 2030 | K4: 2031 | L4: 2032 | M4: 2033 | N4: 2034 | O4: 2035 | P4: 2036 | Q4: 2037 | R4: 2038 | S4: 2039 | T4: 2040 | U4: 2041 | V4: 2042 | W4: 2043 | X4: 2044 | Y4: 2045 | Z4: 2046 | AA4: 2047 | AB4: 2048 | AC4: 2049 | AD4: 2050 | AE4: 2051 | AF4: 2052 | AG4: 2053 | AH4: 2054 | AI4: 2055 | AJ4: 2056 | AK4: 2057 | AL4: 2058 | AM4: 2059 | AN4: 2060 | AO4: 2061 | AP4: 2062 | AQ4: 2063 | AR4: 2064
A7: — Blok: seçilen üretim durumu —
A8: RES geliri (tüccar + sözleşmeli, kesinti sonrası) | B8: USD | D8: =SUM(F8:AR8) | E8: 0 | F8: =((1-'Zaman'!F16)*Girdiler!$C$18*'Uretim'!F8+'Zaman'!F16*'Zaman'!F17*'Uretim'!F9)*(1-'Uretim'!F17) | G8: =((1-'Zaman'!G16)*Girdiler!$C$18*'Uretim'!G8+'Zaman'!G16*'Zaman'!G17*'Uretim'!G9)*(1-'Uretim'!G17) | H8: =((1-'Zaman'!H16)*Girdiler!$C$18*'Uretim'!H8+'Zaman'!H16*'Zaman'!H17*'Uretim'!H9)*(1-'Uretim'!H17) | I8: =((1-'Zaman'!I16)*Girdiler!$C$18*'Uretim'!I8+'Zaman'!I16*'Zaman'!I17*'Uretim'!I9)*(1-'Uretim'!I17) | J8: =((1-'Zaman'!J16)*Girdiler!$C$18*'Uretim'!J8+'Zaman'!J16*'Zaman'!J17*'Uretim'!J9)*(1-'Uretim'!J17) | K8: =((1-'Zaman'!K16)*Girdiler!$C$18*'Uretim'!K8+'Zaman'!K16*'Zaman'!K17*'Uretim'!K9)*(1-'Uretim'!K17) | L8: =((1-'Zaman'!L16)*Girdiler!$C$18*'Uretim'!L8+'Zaman'!L16*'Zaman'!L17*'Uretim'!L9)*(1-'Uretim'!L17) | M8: =((1-'Zaman'!M16)*Girdiler!$C$18*'Uretim'!M8+'Zaman'!M16*'Zaman'!M17*'Uretim'!M9)*(1-'Uretim'!M17) | ... AR8: =((1-'Zaman'!AR16)*Girdiler!$C$18*'Uretim'!AR8+'Zaman'!AR16*'Zaman'!AR17*'Uretim'!AR9)*(1-'Uretim'!AR17)
A9: Batarya deşarj geliri | B9: USD | C9: YEKDEM yılında depolanıp verilen santral enerjisi YEKDEM fiyatından | D9: =SUM(F9:AR9) | E9: 0 | F9: =IF(Girdiler!$C$91=1,(1-'Zaman'!F16)*Girdiler!$C$18*'Uretim'!F10+'Zaman'!F16*'Zaman'!F17*'Uretim'!F11,Girdiler!$C$18*'Uretim'!F10) | G9: =IF(Girdiler!$C$91=1,(1-'Zaman'!G16)*Girdiler!$C$18*'Uretim'!G10+'Zaman'!G16*'Zaman'!G17*'Uretim'!G11,Girdiler!$C$18*'Uretim'!G10) | H9: =IF(Girdiler!$C$91=1,(1-'Zaman'!H16)*Girdiler!$C$18*'Uretim'!H10+'Zaman'!H16*'Zaman'!H17*'Uretim'!H11,Girdiler!$C$18*'Uretim'!H10) | I9: =IF(Girdiler!$C$91=1,(1-'Zaman'!I16)*Girdiler!$C$18*'Uretim'!I10+'Zaman'!I16*'Zaman'!I17*'Uretim'!I11,Girdiler!$C$18*'Uretim'!I10) | J9: =IF(Girdiler!$C$91=1,(1-'Zaman'!J16)*Girdiler!$C$18*'Uretim'!J10+'Zaman'!J16*'Zaman'!J17*'Uretim'!J11,Girdiler!$C$18*'Uretim'!J10) | K9: =IF(Girdiler!$C$91=1,(1-'Zaman'!K16)*Girdiler!$C$18*'Uretim'!K10+'Zaman'!K16*'Zaman'!K17*'Uretim'!K11,Girdiler!$C$18*'Uretim'!K10) | L9: =IF(Girdiler!$C$91=1,(1-'Zaman'!L16)*Girdiler!$C$18*'Uretim'!L10+'Zaman'!L16*'Zaman'!L17*'Uretim'!L11,Girdiler!$C$18*'Uretim'!L10) | M9: =IF(Girdiler!$C$91=1,(1-'Zaman'!M16)*Girdiler!$C$18*'Uretim'!M10+'Zaman'!M16*'Zaman'!M17*'Uretim'!M11,Girdiler!$C$18*'Uretim'!M10) | ... AR9: =IF(Girdiler!$C$91=1,(1-'Zaman'!AR16)*Girdiler!$C$18*'Uretim'!AR10+'Zaman'!AR16*'Zaman'!AR17*'Uretim'!AR11,Girdiler!$C$18*'Uretim'!AR10)
A10: SFK kapasite geliri | B10: USD | D10: =SUM(F10:AR10) | E10: 0 | F10: =IF('Zaman'!F13=1,INDEX(Python_girdileri!$C$6:$C$35,'Zaman'!F9)*'Uretim'!F12,0) | G10: =IF('Zaman'!G13=1,INDEX(Python_girdileri!$C$6:$C$35,'Zaman'!G9)*'Uretim'!G12,0) | H10: =IF('Zaman'!H13=1,INDEX(Python_girdileri!$C$6:$C$35,'Zaman'!H9)*'Uretim'!H12,0) | I10: =IF('Zaman'!I13=1,INDEX(Python_girdileri!$C$6:$C$35,'Zaman'!I9)*'Uretim'!I12,0) | J10: =IF('Zaman'!J13=1,INDEX(Python_girdileri!$C$6:$C$35,'Zaman'!J9)*'Uretim'!J12,0) | K10: =IF('Zaman'!K13=1,INDEX(Python_girdileri!$C$6:$C$35,'Zaman'!K9)*'Uretim'!K12,0) | L10: =IF('Zaman'!L13=1,INDEX(Python_girdileri!$C$6:$C$35,'Zaman'!L9)*'Uretim'!L12,0) | M10: =IF('Zaman'!M13=1,INDEX(Python_girdileri!$C$6:$C$35,'Zaman'!M9)*'Uretim'!M12,0) | ... AR10: =IF('Zaman'!AR13=1,INDEX(Python_girdileri!$C$6:$C$35,'Zaman'!AR9)*'Uretim'!AR12,0)
A11: YEK-G geliri | B11: USD | D11: =SUM(F11:AR11) | E11: 0 | F11: =Girdiler!$C$48*'Uretim'!F20 | G11: =Girdiler!$C$48*'Uretim'!G20 | H11: =Girdiler!$C$48*'Uretim'!H20 | I11: =Girdiler!$C$48*'Uretim'!I20 | J11: =Girdiler!$C$48*'Uretim'!J20 | K11: =Girdiler!$C$48*'Uretim'!K20 | L11: =Girdiler!$C$48*'Uretim'!L20 | M11: =Girdiler!$C$48*'Uretim'!M20 | ... AR11: =Girdiler!$C$48*'Uretim'!AR20
A12: Batarya dengesizlik azaltımı | B12: oran | E12: 0 | F12: =IF('Zaman'!F13=1,Girdiler!$C$49*MIN(MAX(Girdiler!$C$25-'Uretim'!F13/8760,0)/(Girdiler!$C$50*Girdiler!$C$24),1),0) | G12: =IF('Zaman'!G13=1,Girdiler!$C$49*MIN(MAX(Girdiler!$C$25-'Uretim'!G13/8760,0)/(Girdiler!$C$50*Girdiler!$C$24),1),0) | H12: =IF('Zaman'!H13=1,Girdiler!$C$49*MIN(MAX(Girdiler!$C$25-'Uretim'!H13/8760,0)/(Girdiler!$C$50*Girdiler!$C$24),1),0) | I12: =IF('Zaman'!I13=1,Girdiler!$C$49*MIN(MAX(Girdiler!$C$25-'Uretim'!I13/8760,0)/(Girdiler!$C$50*Girdiler!$C$24),1),0) | J12: =IF('Zaman'!J13=1,Girdiler!$C$49*MIN(MAX(Girdiler!$C$25-'Uretim'!J13/8760,0)/(Girdiler!$C$50*Girdiler!$C$24),1),0) | K12: =IF('Zaman'!K13=1,Girdiler!$C$49*MIN(MAX(Girdiler!$C$25-'Uretim'!K13/8760,0)/(Girdiler!$C$50*Girdiler!$C$24),1),0) | L12: =IF('Zaman'!L13=1,Girdiler!$C$49*MIN(MAX(Girdiler!$C$25-'Uretim'!L13/8760,0)/(Girdiler!$C$50*Girdiler!$C$24),1),0) | M12: =IF('Zaman'!M13=1,Girdiler!$C$49*MIN(MAX(Girdiler!$C$25-'Uretim'!M13/8760,0)/(Girdiler!$C$50*Girdiler!$C$24),1),0) | ... AR12: =IF('Zaman'!AR13=1,Girdiler!$C$49*MIN(MAX(Girdiler!$C$25-'Uretim'!AR13/8760,0)/(Girdiler!$C$50*Girdiler!$C$24),1),0)
A13: Eşzamanlılık düzeltmesi | B13: USD | D13: =SUM(F13:AR13) | E13: 0 | F13: =Girdiler!$C$47*Girdiler!$C$18*'Uretim'!F19*(1-'Zaman'!F16) | G13: =Girdiler!$C$47*Girdiler!$C$18*'Uretim'!G19*(1-'Zaman'!G16) | H13: =Girdiler!$C$47*Girdiler!$C$18*'Uretim'!H19*(1-'Zaman'!H16) | I13: =Girdiler!$C$47*Girdiler!$C$18*'Uretim'!I19*(1-'Zaman'!I16) | J13: =Girdiler!$C$47*Girdiler!$C$18*'Uretim'!J19*(1-'Zaman'!J16) | K13: =Girdiler!$C$47*Girdiler!$C$18*'Uretim'!K19*(1-'Zaman'!K16) | L13: =Girdiler!$C$47*Girdiler!$C$18*'Uretim'!L19*(1-'Zaman'!L16) | M13: =Girdiler!$C$47*Girdiler!$C$18*'Uretim'!M19*(1-'Zaman'!M16) | ... AR13: =Girdiler!$C$47*Girdiler!$C$18*'Uretim'!AR19*(1-'Zaman'!AR16)
A14: Dengesizlik maliyeti | B14: USD | D14: =SUM(F14:AR14) | E14: 0 | F14: =Girdiler!$C$46*('Gelir'!F8-'Gelir'!F13)*(1-'Gelir'!F12) | G14: =Girdiler!$C$46*('Gelir'!G8-'Gelir'!G13)*(1-'Gelir'!G12) | H14: =Girdiler!$C$46*('Gelir'!H8-'Gelir'!H13)*(1-'Gelir'!H12) | I14: =Girdiler!$C$46*('Gelir'!I8-'Gelir'!I13)*(1-'Gelir'!I12) | J14: =Girdiler!$C$46*('Gelir'!J8-'Gelir'!J13)*(1-'Gelir'!J12) | K14: =Girdiler!$C$46*('Gelir'!K8-'Gelir'!K13)*(1-'Gelir'!K12) | L14: =Girdiler!$C$46*('Gelir'!L8-'Gelir'!L13)*(1-'Gelir'!L12) | M14: =Girdiler!$C$46*('Gelir'!M8-'Gelir'!M13)*(1-'Gelir'!M12) | ... AR14: =Girdiler!$C$46*('Gelir'!AR8-'Gelir'!AR13)*(1-'Gelir'!AR12)
A15: Toplam gelir | B15: USD | D15: =SUM(F15:AR15) | E15: 0 | F15: ='Gelir'!F8+'Gelir'!F9+'Gelir'!F10+'Gelir'!F11 | G15: ='Gelir'!G8+'Gelir'!G9+'Gelir'!G10+'Gelir'!G11 | H15: ='Gelir'!H8+'Gelir'!H9+'Gelir'!H10+'Gelir'!H11 | I15: ='Gelir'!I8+'Gelir'!I9+'Gelir'!I10+'Gelir'!I11 | J15: ='Gelir'!J8+'Gelir'!J9+'Gelir'!J10+'Gelir'!J11 | K15: ='Gelir'!K8+'Gelir'!K9+'Gelir'!K10+'Gelir'!K11 | L15: ='Gelir'!L8+'Gelir'!L9+'Gelir'!L10+'Gelir'!L11 | M15: ='Gelir'!M8+'Gelir'!M9+'Gelir'!M10+'Gelir'!M11 | ... AR15: ='Gelir'!AR8+'Gelir'!AR9+'Gelir'!AR10+'Gelir'!AR11
A17: — Blok: P90 (borç boyutlandırma) —
A18: RES geliri (tüccar + sözleşmeli, kesinti sonrası) | B18: USD | D18: =SUM(F18:AR18) | E18: 0 | F18: =((1-'Zaman'!F16)*Girdiler!$C$18*'Uretim'!F23+'Zaman'!F16*'Zaman'!F17*'Uretim'!F24)*(1-'Uretim'!F32) | G18: =((1-'Zaman'!G16)*Girdiler!$C$18*'Uretim'!G23+'Zaman'!G16*'Zaman'!G17*'Uretim'!G24)*(1-'Uretim'!G32) | H18: =((1-'Zaman'!H16)*Girdiler!$C$18*'Uretim'!H23+'Zaman'!H16*'Zaman'!H17*'Uretim'!H24)*(1-'Uretim'!H32) | I18: =((1-'Zaman'!I16)*Girdiler!$C$18*'Uretim'!I23+'Zaman'!I16*'Zaman'!I17*'Uretim'!I24)*(1-'Uretim'!I32) | J18: =((1-'Zaman'!J16)*Girdiler!$C$18*'Uretim'!J23+'Zaman'!J16*'Zaman'!J17*'Uretim'!J24)*(1-'Uretim'!J32) | K18: =((1-'Zaman'!K16)*Girdiler!$C$18*'Uretim'!K23+'Zaman'!K16*'Zaman'!K17*'Uretim'!K24)*(1-'Uretim'!K32) | L18: =((1-'Zaman'!L16)*Girdiler!$C$18*'Uretim'!L23+'Zaman'!L16*'Zaman'!L17*'Uretim'!L24)*(1-'Uretim'!L32) | M18: =((1-'Zaman'!M16)*Girdiler!$C$18*'Uretim'!M23+'Zaman'!M16*'Zaman'!M17*'Uretim'!M24)*(1-'Uretim'!M32) | ... AR18: =((1-'Zaman'!AR16)*Girdiler!$C$18*'Uretim'!AR23+'Zaman'!AR16*'Zaman'!AR17*'Uretim'!AR24)*(1-'Uretim'!AR32)
A19: Batarya deşarj geliri | B19: USD | C19: YEKDEM yılında depolanıp verilen santral enerjisi YEKDEM fiyatından | D19: =SUM(F19:AR19) | E19: 0 | F19: =IF(Girdiler!$C$91=1,(1-'Zaman'!F16)*Girdiler!$C$18*'Uretim'!F25+'Zaman'!F16*'Zaman'!F17*'Uretim'!F26,Girdiler!$C$18*'Uretim'!F25) | G19: =IF(Girdiler!$C$91=1,(1-'Zaman'!G16)*Girdiler!$C$18*'Uretim'!G25+'Zaman'!G16*'Zaman'!G17*'Uretim'!G26,Girdiler!$C$18*'Uretim'!G25) | H19: =IF(Girdiler!$C$91=1,(1-'Zaman'!H16)*Girdiler!$C$18*'Uretim'!H25+'Zaman'!H16*'Zaman'!H17*'Uretim'!H26,Girdiler!$C$18*'Uretim'!H25) | I19: =IF(Girdiler!$C$91=1,(1-'Zaman'!I16)*Girdiler!$C$18*'Uretim'!I25+'Zaman'!I16*'Zaman'!I17*'Uretim'!I26,Girdiler!$C$18*'Uretim'!I25) | J19: =IF(Girdiler!$C$91=1,(1-'Zaman'!J16)*Girdiler!$C$18*'Uretim'!J25+'Zaman'!J16*'Zaman'!J17*'Uretim'!J26,Girdiler!$C$18*'Uretim'!J25) | K19: =IF(Girdiler!$C$91=1,(1-'Zaman'!K16)*Girdiler!$C$18*'Uretim'!K25+'Zaman'!K16*'Zaman'!K17*'Uretim'!K26,Girdiler!$C$18*'Uretim'!K25) | L19: =IF(Girdiler!$C$91=1,(1-'Zaman'!L16)*Girdiler!$C$18*'Uretim'!L25+'Zaman'!L16*'Zaman'!L17*'Uretim'!L26,Girdiler!$C$18*'Uretim'!L25) | M19: =IF(Girdiler!$C$91=1,(1-'Zaman'!M16)*Girdiler!$C$18*'Uretim'!M25+'Zaman'!M16*'Zaman'!M17*'Uretim'!M26,Girdiler!$C$18*'Uretim'!M25) | ... AR19: =IF(Girdiler!$C$91=1,(1-'Zaman'!AR16)*Girdiler!$C$18*'Uretim'!AR25+'Zaman'!AR16*'Zaman'!AR17*'Uretim'!AR26,Girdiler!$C$18*'Uretim'!AR25)
A20: SFK kapasite geliri | B20: USD | D20: =SUM(F20:AR20) | E20: 0 | F20: =IF('Zaman'!F13=1,INDEX(Python_girdileri!$C$6:$C$35,'Zaman'!F9)*'Uretim'!F27,0) | G20: =IF('Zaman'!G13=1,INDEX(Python_girdileri!$C$6:$C$35,'Zaman'!G9)*'Uretim'!G27,0) | H20: =IF('Zaman'!H13=1,INDEX(Python_girdileri!$C$6:$C$35,'Zaman'!H9)*'Uretim'!H27,0) | I20: =IF('Zaman'!I13=1,INDEX(Python_girdileri!$C$6:$C$35,'Zaman'!I9)*'Uretim'!I27,0) | J20: =IF('Zaman'!J13=1,INDEX(Python_girdileri!$C$6:$C$35,'Zaman'!J9)*'Uretim'!J27,0) | K20: =IF('Zaman'!K13=1,INDEX(Python_girdileri!$C$6:$C$35,'Zaman'!K9)*'Uretim'!K27,0) | L20: =IF('Zaman'!L13=1,INDEX(Python_girdileri!$C$6:$C$35,'Zaman'!L9)*'Uretim'!L27,0) | M20: =IF('Zaman'!M13=1,INDEX(Python_girdileri!$C$6:$C$35,'Zaman'!M9)*'Uretim'!M27,0) | ... AR20: =IF('Zaman'!AR13=1,INDEX(Python_girdileri!$C$6:$C$35,'Zaman'!AR9)*'Uretim'!AR27,0)
A21: YEK-G geliri | B21: USD | D21: =SUM(F21:AR21) | E21: 0 | F21: =Girdiler!$C$48*'Uretim'!F35 | G21: =Girdiler!$C$48*'Uretim'!G35 | H21: =Girdiler!$C$48*'Uretim'!H35 | I21: =Girdiler!$C$48*'Uretim'!I35 | J21: =Girdiler!$C$48*'Uretim'!J35 | K21: =Girdiler!$C$48*'Uretim'!K35 | L21: =Girdiler!$C$48*'Uretim'!L35 | M21: =Girdiler!$C$48*'Uretim'!M35 | ... AR21: =Girdiler!$C$48*'Uretim'!AR35
A22: Batarya dengesizlik azaltımı | B22: oran | E22: 0 | F22: =IF('Zaman'!F13=1,Girdiler!$C$49*MIN(MAX(Girdiler!$C$25-'Uretim'!F28/8760,0)/(Girdiler!$C$50*Girdiler!$C$24),1),0) | G22: =IF('Zaman'!G13=1,Girdiler!$C$49*MIN(MAX(Girdiler!$C$25-'Uretim'!G28/8760,0)/(Girdiler!$C$50*Girdiler!$C$24),1),0) | H22: =IF('Zaman'!H13=1,Girdiler!$C$49*MIN(MAX(Girdiler!$C$25-'Uretim'!H28/8760,0)/(Girdiler!$C$50*Girdiler!$C$24),1),0) | I22: =IF('Zaman'!I13=1,Girdiler!$C$49*MIN(MAX(Girdiler!$C$25-'Uretim'!I28/8760,0)/(Girdiler!$C$50*Girdiler!$C$24),1),0) | J22: =IF('Zaman'!J13=1,Girdiler!$C$49*MIN(MAX(Girdiler!$C$25-'Uretim'!J28/8760,0)/(Girdiler!$C$50*Girdiler!$C$24),1),0) | K22: =IF('Zaman'!K13=1,Girdiler!$C$49*MIN(MAX(Girdiler!$C$25-'Uretim'!K28/8760,0)/(Girdiler!$C$50*Girdiler!$C$24),1),0) | L22: =IF('Zaman'!L13=1,Girdiler!$C$49*MIN(MAX(Girdiler!$C$25-'Uretim'!L28/8760,0)/(Girdiler!$C$50*Girdiler!$C$24),1),0) | M22: =IF('Zaman'!M13=1,Girdiler!$C$49*MIN(MAX(Girdiler!$C$25-'Uretim'!M28/8760,0)/(Girdiler!$C$50*Girdiler!$C$24),1),0) | ... AR22: =IF('Zaman'!AR13=1,Girdiler!$C$49*MIN(MAX(Girdiler!$C$25-'Uretim'!AR28/8760,0)/(Girdiler!$C$50*Girdiler!$C$24),1),0)
A23: Eşzamanlılık düzeltmesi | B23: USD | D23: =SUM(F23:AR23) | E23: 0 | F23: =Girdiler!$C$47*Girdiler!$C$18*'Uretim'!F34*(1-'Zaman'!F16) | G23: =Girdiler!$C$47*Girdiler!$C$18*'Uretim'!G34*(1-'Zaman'!G16) | H23: =Girdiler!$C$47*Girdiler!$C$18*'Uretim'!H34*(1-'Zaman'!H16) | I23: =Girdiler!$C$47*Girdiler!$C$18*'Uretim'!I34*(1-'Zaman'!I16) | J23: =Girdiler!$C$47*Girdiler!$C$18*'Uretim'!J34*(1-'Zaman'!J16) | K23: =Girdiler!$C$47*Girdiler!$C$18*'Uretim'!K34*(1-'Zaman'!K16) | L23: =Girdiler!$C$47*Girdiler!$C$18*'Uretim'!L34*(1-'Zaman'!L16) | M23: =Girdiler!$C$47*Girdiler!$C$18*'Uretim'!M34*(1-'Zaman'!M16) | ... AR23: =Girdiler!$C$47*Girdiler!$C$18*'Uretim'!AR34*(1-'Zaman'!AR16)
A24: Dengesizlik maliyeti | B24: USD | D24: =SUM(F24:AR24) | E24: 0 | F24: =Girdiler!$C$46*('Gelir'!F18-'Gelir'!F23)*(1-'Gelir'!F22) | G24: =Girdiler!$C$46*('Gelir'!G18-'Gelir'!G23)*(1-'Gelir'!G22) | H24: =Girdiler!$C$46*('Gelir'!H18-'Gelir'!H23)*(1-'Gelir'!H22) | I24: =Girdiler!$C$46*('Gelir'!I18-'Gelir'!I23)*(1-'Gelir'!I22) | J24: =Girdiler!$C$46*('Gelir'!J18-'Gelir'!J23)*(1-'Gelir'!J22) | K24: =Girdiler!$C$46*('Gelir'!K18-'Gelir'!K23)*(1-'Gelir'!K22) | L24: =Girdiler!$C$46*('Gelir'!L18-'Gelir'!L23)*(1-'Gelir'!L22) | M24: =Girdiler!$C$46*('Gelir'!M18-'Gelir'!M23)*(1-'Gelir'!M22) | ... AR24: =Girdiler!$C$46*('Gelir'!AR18-'Gelir'!AR23)*(1-'Gelir'!AR22)
A25: Toplam gelir | B25: USD | D25: =SUM(F25:AR25) | E25: 0 | F25: ='Gelir'!F18+'Gelir'!F19+'Gelir'!F20+'Gelir'!F21 | G25: ='Gelir'!G18+'Gelir'!G19+'Gelir'!G20+'Gelir'!G21 | H25: ='Gelir'!H18+'Gelir'!H19+'Gelir'!H20+'Gelir'!H21 | I25: ='Gelir'!I18+'Gelir'!I19+'Gelir'!I20+'Gelir'!I21 | J25: ='Gelir'!J18+'Gelir'!J19+'Gelir'!J20+'Gelir'!J21 | K25: ='Gelir'!K18+'Gelir'!K19+'Gelir'!K20+'Gelir'!K21 | L25: ='Gelir'!L18+'Gelir'!L19+'Gelir'!L20+'Gelir'!L21 | M25: ='Gelir'!M18+'Gelir'!M19+'Gelir'!M20+'Gelir'!M21 | ... AR25: ='Gelir'!AR18+'Gelir'!AR19+'Gelir'!AR20+'Gelir'!AR21

Sheet OPEX
A1: İşletme giderleri ve FAVÖK
A4: Kalem | B4: Birim | C4: Not / kaynak | D4: Toplam / değer | E4: t0 (bugün) | F4: 2026 | G4: 2027 | H4: 2028 | I4: 2029 | J4: 2030 | K4: 2031 | L4: 2032 | M4: 2033 | N4: 2034 | O4: 2035 | P4: 2036 | Q4: 2037 | R4: 2038 | S4: 2039 | T4: 2040 | U4: 2041 | V4: 2042 | W4: 2043 | X4: 2044 | Y4: 2045 | Z4: 2046 | AA4: 2047 | AB4: 2048 | AC4: 2049 | AD4: 2050 | AE4: 2051 | AF4: 2052 | AG4: 2053 | AH4: 2054 | AI4: 2055 | AJ4: 2056 | AK4: 2057 | AL4: 2058 | AM4: 2059 | AN4: 2060 | AO4: 2061 | AP4: 2062 | AQ4: 2063 | AR4: 2064
A7: — Blok: seçilen üretim durumu —
A8: RES sabit O&M + arazi | B8: USD | D8: =SUM(F8:AR8) | E8: 0 | F8: =IF('Zaman'!F9>0,1,0)*(Girdiler!$C$39+Girdiler!$C$40*(1-Girdiler!$C$20))*Girdiler!$C$24 | G8: =IF('Zaman'!G9>0,1,0)*(Girdiler!$C$39+Girdiler!$C$40*(1-Girdiler!$C$20))*Girdiler!$C$24 | H8: =IF('Zaman'!H9>0,1,0)*(Girdiler!$C$39+Girdiler!$C$40*(1-Girdiler!$C$20))*Girdiler!$C$24 | I8: =IF('Zaman'!I9>0,1,0)*(Girdiler!$C$39+Girdiler!$C$40*(1-Girdiler!$C$20))*Girdiler!$C$24 | J8: =IF('Zaman'!J9>0,1,0)*(Girdiler!$C$39+Girdiler!$C$40*(1-Girdiler!$C$20))*Girdiler!$C$24 | K8: =IF('Zaman'!K9>0,1,0)*(Girdiler!$C$39+Girdiler!$C$40*(1-Girdiler!$C$20))*Girdiler!$C$24 | L8: =IF('Zaman'!L9>0,1,0)*(Girdiler!$C$39+Girdiler!$C$40*(1-Girdiler!$C$20))*Girdiler!$C$24 | M8: =IF('Zaman'!M9>0,1,0)*(Girdiler!$C$39+Girdiler!$C$40*(1-Girdiler!$C$20))*Girdiler!$C$24 | ... AR8: =IF('Zaman'!AR9>0,1,0)*(Girdiler!$C$39+Girdiler!$C$40*(1-Girdiler!$C$20))*Girdiler!$C$24
A9: Batarya O&M | B9: USD | D9: =SUM(F9:AR9) | E9: 0 | F9: =IF('Zaman'!F9>0,1,0)*Girdiler!$C$41*Girdiler!$C$88 | G9: =IF('Zaman'!G9>0,1,0)*Girdiler!$C$41*Girdiler!$C$88 | H9: =IF('Zaman'!H9>0,1,0)*Girdiler!$C$41*Girdiler!$C$88 | I9: =IF('Zaman'!I9>0,1,0)*Girdiler!$C$41*Girdiler!$C$88 | J9: =IF('Zaman'!J9>0,1,0)*Girdiler!$C$41*Girdiler!$C$88 | K9: =IF('Zaman'!K9>0,1,0)*Girdiler!$C$41*Girdiler!$C$88 | L9: =IF('Zaman'!L9>0,1,0)*Girdiler!$C$41*Girdiler!$C$88 | M9: =IF('Zaman'!M9>0,1,0)*Girdiler!$C$41*Girdiler!$C$88 | ... AR9: =IF('Zaman'!AR9>0,1,0)*Girdiler!$C$41*Girdiler!$C$88
A10: Sigorta | B10: USD | D10: =SUM(F10:AR10) | E10: 0 | F10: =IF('Zaman'!F9>0,1,0)*Girdiler!$C$42*(Girdiler!$C$90-Girdiler!$C$20*Girdiler!$C$87) | G10: =IF('Zaman'!G9>0,1,0)*Girdiler!$C$42*(Girdiler!$C$90-Girdiler!$C$20*Girdiler!$C$87) | H10: =IF('Zaman'!H9>0,1,0)*Girdiler!$C$42*(Girdiler!$C$90-Girdiler!$C$20*Girdiler!$C$87) | I10: =IF('Zaman'!I9>0,1,0)*Girdiler!$C$42*(Girdiler!$C$90-Girdiler!$C$20*Girdiler!$C$87) | J10: =IF('Zaman'!J9>0,1,0)*Girdiler!$C$42*(Girdiler!$C$90-Girdiler!$C$20*Girdiler!$C$87) | K10: =IF('Zaman'!K9>0,1,0)*Girdiler!$C$42*(Girdiler!$C$90-Girdiler!$C$20*Girdiler!$C$87) | L10: =IF('Zaman'!L9>0,1,0)*Girdiler!$C$42*(Girdiler!$C$90-Girdiler!$C$20*Girdiler!$C$87) | M10: =IF('Zaman'!M9>0,1,0)*Girdiler!$C$42*(Girdiler!$C$90-Girdiler!$C$20*Girdiler!$C$87) | ... AR10: =IF('Zaman'!AR9>0,1,0)*Girdiler!$C$42*(Girdiler!$C$90-Girdiler!$C$20*Girdiler!$C$87)
A11: TEİAŞ bedelleri | B11: USD | D11: =SUM(F11:AR11) | E11: 0 | F11: =IF('Zaman'!F9>0,1,0)*Girdiler!$C$43*Girdiler!$C$27+Girdiler!$C$44*'Uretim'!F20 | G11: =IF('Zaman'!G9>0,1,0)*Girdiler!$C$43*Girdiler!$C$27+Girdiler!$C$44*'Uretim'!G20 | H11: =IF('Zaman'!H9>0,1,0)*Girdiler!$C$43*Girdiler!$C$27+Girdiler!$C$44*'Uretim'!H20 | I11: =IF('Zaman'!I9>0,1,0)*Girdiler!$C$43*Girdiler!$C$27+Girdiler!$C$44*'Uretim'!I20 | J11: =IF('Zaman'!J9>0,1,0)*Girdiler!$C$43*Girdiler!$C$27+Girdiler!$C$44*'Uretim'!J20 | K11: =IF('Zaman'!K9>0,1,0)*Girdiler!$C$43*Girdiler!$C$27+Girdiler!$C$44*'Uretim'!K20 | L11: =IF('Zaman'!L9>0,1,0)*Girdiler!$C$43*Girdiler!$C$27+Girdiler!$C$44*'Uretim'!L20 | M11: =IF('Zaman'!M9>0,1,0)*Girdiler!$C$43*Girdiler!$C$27+Girdiler!$C$44*'Uretim'!M20 | ... AR11: =IF('Zaman'!AR9>0,1,0)*Girdiler!$C$43*Girdiler!$C$27+Girdiler!$C$44*'Uretim'!AR20
A12: Batarya yıpranması | B12: USD | D12: =SUM(F12:AR12) | E12: 0 | F12: =Girdiler!$C$45*'Uretim'!F11 | G12: =Girdiler!$C$45*'Uretim'!G11 | H12: =Girdiler!$C$45*'Uretim'!H11 | I12: =Girdiler!$C$45*'Uretim'!I11 | J12: =Girdiler!$C$45*'Uretim'!J11 | K12: =Girdiler!$C$45*'Uretim'!K11 | L12: =Girdiler!$C$45*'Uretim'!L11 | M12: =Girdiler!$C$45*'Uretim'!M11 | ... AR12: =Girdiler!$C$45*'Uretim'!AR11
A13: Toplam OPEX | B13: USD | D13: =SUM(F13:AR13) | E13: 0 | F13: ='OPEX'!F8+'OPEX'!F9+'OPEX'!F10+'OPEX'!F11+'OPEX'!F12 | G13: ='OPEX'!G8+'OPEX'!G9+'OPEX'!G10+'OPEX'!G11+'OPEX'!G12 | H13: ='OPEX'!H8+'OPEX'!H9+'OPEX'!H10+'OPEX'!H11+'OPEX'!H12 | I13: ='OPEX'!I8+'OPEX'!I9+'OPEX'!I10+'OPEX'!I11+'OPEX'!I12 | J13: ='OPEX'!J8+'OPEX'!J9+'OPEX'!J10+'OPEX'!J11+'OPEX'!J12 | K13: ='OPEX'!K8+'OPEX'!K9+'OPEX'!K10+'OPEX'!K11+'OPEX'!K12 | L13: ='OPEX'!L8+'OPEX'!L9+'OPEX'!L10+'OPEX'!L11+'OPEX'!L12 | M13: ='OPEX'!M8+'OPEX'!M9+'OPEX'!M10+'OPEX'!M11+'OPEX'!M12 | ... AR13: ='OPEX'!AR8+'OPEX'!AR9+'OPEX'!AR10+'OPEX'!AR11+'OPEX'!AR12
A14: FAVÖK | B14: USD | D14: =SUM(F14:AR14) | E14: 0 | F14: ='Gelir'!F15-'Gelir'!F14-'Gelir'!F13-'OPEX'!F13 | G14: ='Gelir'!G15-'Gelir'!G14-'Gelir'!G13-'OPEX'!G13 | H14: ='Gelir'!H15-'Gelir'!H14-'Gelir'!H13-'OPEX'!H13 | I14: ='Gelir'!I15-'Gelir'!I14-'Gelir'!I13-'OPEX'!I13 | J14: ='Gelir'!J15-'Gelir'!J14-'Gelir'!J13-'OPEX'!J13 | K14: ='Gelir'!K15-'Gelir'!K14-'Gelir'!K13-'OPEX'!K13 | L14: ='Gelir'!L15-'Gelir'!L14-'Gelir'!L13-'OPEX'!L13 | M14: ='Gelir'!M15-'Gelir'!M14-'Gelir'!M13-'OPEX'!M13 | ... AR14: ='Gelir'!AR15-'Gelir'!AR14-'Gelir'!AR13-'OPEX'!AR13
A15: Augmentation + batarya yenilemesi | B15: USD | D15: =SUM(F15:AR15) | E15: 0 | F15: =IF(OR('Zaman'!F9=8,'Zaman'!F9=16,'Zaman'!F9=28),Girdiler!$C$51*Girdiler!$C$26*Girdiler!$C$31*(1-Girdiler!$C$52)^'Zaman'!F9,0)+IF('Zaman'!F9=Girdiler!$C$53,Girdiler!$C$88*(1-Girdiler!$C$52)^Girdiler!$C$53,0) | G15: =IF(OR('Zaman'!G9=8,'Zaman'!G9=16,'Zaman'!G9=28),Girdiler!$C$51*Girdiler!$C$26*Girdiler!$C$31*(1-Girdiler!$C$52)^'Zaman'!G9,0)+IF('Zaman'!G9=Girdiler!$C$53,Girdiler!$C$88*(1-Girdiler!$C$52)^Girdiler!$C$53,0) | H15: =IF(OR('Zaman'!H9=8,'Zaman'!H9=16,'Zaman'!H9=28),Girdiler!$C$51*Girdiler!$C$26*Girdiler!$C$31*(1-Girdiler!$C$52)^'Zaman'!H9,0)+IF('Zaman'!H9=Girdiler!$C$53,Girdiler!$C$88*(1-Girdiler!$C$52)^Girdiler!$C$53,0) | I15: =IF(OR('Zaman'!I9=8,'Zaman'!I9=16,'Zaman'!I9=28),Girdiler!$C$51*Girdiler!$C$26*Girdiler!$C$31*(1-Girdiler!$C$52)^'Zaman'!I9,0)+IF('Zaman'!I9=Girdiler!$C$53,Girdiler!$C$88*(1-Girdiler!$C$52)^Girdiler!$C$53,0) | J15: =IF(OR('Zaman'!J9=8,'Zaman'!J9=16,'Zaman'!J9=28),Girdiler!$C$51*Girdiler!$C$26*Girdiler!$C$31*(1-Girdiler!$C$52)^'Zaman'!J9,0)+IF('Zaman'!J9=Girdiler!$C$53,Girdiler!$C$88*(1-Girdiler!$C$52)^Girdiler!$C$53,0) | K15: =IF(OR('Zaman'!K9=8,'Zaman'!K9=16,'Zaman'!K9=28),Girdiler!$C$51*Girdiler!$C$26*Girdiler!$C$31*(1-Girdiler!$C$52)^'Zaman'!K9,0)+IF('Zaman'!K9=Girdiler!$C$53,Girdiler!$C$88*(1-Girdiler!$C$52)^Girdiler!$C$53,0) | L15: =IF(OR('Zaman'!L9=8,'Zaman'!L9=16,'Zaman'!L9=28),Girdiler!$C$51*Girdiler!$C$26*Girdiler!$C$31*(1-Girdiler!$C$52)^'Zaman'!L9,0)+IF('Zaman'!L9=Girdiler!$C$53,Girdiler!$C$88*(1-Girdiler!$C$52)^Girdiler!$C$53,0) | M15: =IF(OR('Zaman'!M9=8,'Zaman'!M9=16,'Zaman'!M9=28),Girdiler!$C$51*Girdiler!$C$26*Girdiler!$C$31*(1-Girdiler!$C$52)^'Zaman'!M9,0)+IF('Zaman'!M9=Girdiler!$C$53,Girdiler!$C$88*(1-Girdiler!$C$52)^Girdiler!$C$53,0) | ... AR15: =IF(OR('Zaman'!AR9=8,'Zaman'!AR9=16,'Zaman'!AR9=28),Girdiler!$C$51*Girdiler!$C$26*Girdiler!$C$31*(1-Girdiler!$C$52)^'Zaman'!AR9,0)+IF('Zaman'!AR9=Girdiler!$C$53,Girdiler!$C$88*(1-Girdiler!$C$52)^Girdiler!$C$53,0)
A16: Söküm (son işletme yılı) | B16: USD | D16: =SUM(F16:AR16) | E16: 0 | F16: =IF('Zaman'!F9=Girdiler!$C$36,Girdiler!$C$54*Girdiler!$C$26+Girdiler!$C$55*Girdiler!$C$24,0) | G16: =IF('Zaman'!G9=Girdiler!$C$36,Girdiler!$C$54*Girdiler!$C$26+Girdiler!$C$55*Girdiler!$C$24,0) | H16: =IF('Zaman'!H9=Girdiler!$C$36,Girdiler!$C$54*Girdiler!$C$26+Girdiler!$C$55*Girdiler!$C$24,0) | I16: =IF('Zaman'!I9=Girdiler!$C$36,Girdiler!$C$54*Girdiler!$C$26+Girdiler!$C$55*Girdiler!$C$24,0) | J16: =IF('Zaman'!J9=Girdiler!$C$36,Girdiler!$C$54*Girdiler!$C$26+Girdiler!$C$55*Girdiler!$C$24,0) | K16: =IF('Zaman'!K9=Girdiler!$C$36,Girdiler!$C$54*Girdiler!$C$26+Girdiler!$C$55*Girdiler!$C$24,0) | L16: =IF('Zaman'!L9=Girdiler!$C$36,Girdiler!$C$54*Girdiler!$C$26+Girdiler!$C$55*Girdiler!$C$24,0) | M16: =IF('Zaman'!M9=Girdiler!$C$36,Girdiler!$C$54*Girdiler!$C$26+Girdiler!$C$55*Girdiler!$C$24,0) | ... AR16: =IF('Zaman'!AR9=Girdiler!$C$36,Girdiler!$C$54*Girdiler!$C$26+Girdiler!$C$55*Girdiler!$C$24,0)
A18: — Blok: P90 (borç boyutlandırma) —
A19: RES sabit O&M + arazi | B19: USD | D19: =SUM(F19:AR19) | E19: 0 | F19: =IF('Zaman'!F9>0,1,0)*(Girdiler!$C$39+Girdiler!$C$40*(1-Girdiler!$C$20))*Girdiler!$C$24 | G19: =IF('Zaman'!G9>0,1,0)*(Girdiler!$C$39+Girdiler!$C$40*(1-Girdiler!$C$20))*Girdiler!$C$24 | H19: =IF('Zaman'!H9>0,1,0)*(Girdiler!$C$39+Girdiler!$C$40*(1-Girdiler!$C$20))*Girdiler!$C$24 | I19: =IF('Zaman'!I9>0,1,0)*(Girdiler!$C$39+Girdiler!$C$40*(1-Girdiler!$C$20))*Girdiler!$C$24 | J19: =IF('Zaman'!J9>0,1,0)*(Girdiler!$C$39+Girdiler!$C$40*(1-Girdiler!$C$20))*Girdiler!$C$24 | K19: =IF('Zaman'!K9>0,1,0)*(Girdiler!$C$39+Girdiler!$C$40*(1-Girdiler!$C$20))*Girdiler!$C$24 | L19: =IF('Zaman'!L9>0,1,0)*(Girdiler!$C$39+Girdiler!$C$40*(1-Girdiler!$C$20))*Girdiler!$C$24 | M19: =IF('Zaman'!M9>0,1,0)*(Girdiler!$C$39+Girdiler!$C$40*(1-Girdiler!$C$20))*Girdiler!$C$24 | ... AR19: =IF('Zaman'!AR9>0,1,0)*(Girdiler!$C$39+Girdiler!$C$40*(1-Girdiler!$C$20))*Girdiler!$C$24
A20: Batarya O&M | B20: USD | D20: =SUM(F20:AR20) | E20: 0 | F20: =IF('Zaman'!F9>0,1,0)*Girdiler!$C$41*Girdiler!$C$88 | G20: =IF('Zaman'!G9>0,1,0)*Girdiler!$C$41*Girdiler!$C$88 | H20: =IF('Zaman'!H9>0,1,0)*Girdiler!$C$41*Girdiler!$C$88 | I20: =IF('Zaman'!I9>0,1,0)*Girdiler!$C$41*Girdiler!$C$88 | J20: =IF('Zaman'!J9>0,1,0)*Girdiler!$C$41*Girdiler!$C$88 | K20: =IF('Zaman'!K9>0,1,0)*Girdiler!$C$41*Girdiler!$C$88 | L20: =IF('Zaman'!L9>0,1,0)*Girdiler!$C$41*Girdiler!$C$88 | M20: =IF('Zaman'!M9>0,1,0)*Girdiler!$C$41*Girdiler!$C$88 | ... AR20: =IF('Zaman'!AR9>0,1,0)*Girdiler!$C$41*Girdiler!$C$88
A21: Sigorta | B21: USD | D21: =SUM(F21:AR21) | E21: 0 | F21: =IF('Zaman'!F9>0,1,0)*Girdiler!$C$42*(Girdiler!$C$90-Girdiler!$C$20*Girdiler!$C$87) | G21: =IF('Zaman'!G9>0,1,0)*Girdiler!$C$42*(Girdiler!$C$90-Girdiler!$C$20*Girdiler!$C$87) | H21: =IF('Zaman'!H9>0,1,0)*Girdiler!$C$42*(Girdiler!$C$90-Girdiler!$C$20*Girdiler!$C$87) | I21: =IF('Zaman'!I9>0,1,0)*Girdiler!$C$42*(Girdiler!$C$90-Girdiler!$C$20*Girdiler!$C$87) | J21: =IF('Zaman'!J9>0,1,0)*Girdiler!$C$42*(Girdiler!$C$90-Girdiler!$C$20*Girdiler!$C$87) | K21: =IF('Zaman'!K9>0,1,0)*Girdiler!$C$42*(Girdiler!$C$90-Girdiler!$C$20*Girdiler!$C$87) | L21: =IF('Zaman'!L9>0,1,0)*Girdiler!$C$42*(Girdiler!$C$90-Girdiler!$C$20*Girdiler!$C$87) | M21: =IF('Zaman'!M9>0,1,0)*Girdiler!$C$42*(Girdiler!$C$90-Girdiler!$C$20*Girdiler!$C$87) | ... AR21: =IF('Zaman'!AR9>0,1,0)*Girdiler!$C$42*(Girdiler!$C$90-Girdiler!$C$20*Girdiler!$C$87)
A22: TEİAŞ bedelleri | B22: USD | D22: =SUM(F22:AR22) | E22: 0 | F22: =IF('Zaman'!F9>0,1,0)*Girdiler!$C$43*Girdiler!$C$27+Girdiler!$C$44*'Uretim'!F35 | G22: =IF('Zaman'!G9>0,1,0)*Girdiler!$C$43*Girdiler!$C$27+Girdiler!$C$44*'Uretim'!G35 | H22: =IF('Zaman'!H9>0,1,0)*Girdiler!$C$43*Girdiler!$C$27+Girdiler!$C$44*'Uretim'!H35 | I22: =IF('Zaman'!I9>0,1,0)*Girdiler!$C$43*Girdiler!$C$27+Girdiler!$C$44*'Uretim'!I35 | J22: =IF('Zaman'!J9>0,1,0)*Girdiler!$C$43*Girdiler!$C$27+Girdiler!$C$44*'Uretim'!J35 | K22: =IF('Zaman'!K9>0,1,0)*Girdiler!$C$43*Girdiler!$C$27+Girdiler!$C$44*'Uretim'!K35 | L22: =IF('Zaman'!L9>0,1,0)*Girdiler!$C$43*Girdiler!$C$27+Girdiler!$C$44*'Uretim'!L35 | M22: =IF('Zaman'!M9>0,1,0)*Girdiler!$C$43*Girdiler!$C$27+Girdiler!$C$44*'Uretim'!M35 | ... AR22: =IF('Zaman'!AR9>0,1,0)*Girdiler!$C$43*Girdiler!$C$27+Girdiler!$C$44*'Uretim'!AR35
A23: Batarya yıpranması | B23: USD | D23: =SUM(F23:AR23) | E23: 0 | F23: =Girdiler!$C$45*'Uretim'!F26 | G23: =Girdiler!$C$45*'Uretim'!G26 | H23: =Girdiler!$C$45*'Uretim'!H26 | I23: =Girdiler!$C$45*'Uretim'!I26 | J23: =Girdiler!$C$45*'Uretim'!J26 | K23: =Girdiler!$C$45*'Uretim'!K26 | L23: =Girdiler!$C$45*'Uretim'!L26 | M23: =Girdiler!$C$45*'Uretim'!M26 | ... AR23: =Girdiler!$C$45*'Uretim'!AR26
A24: Toplam OPEX | B24: USD | D24: =SUM(F24:AR24) | E24: 0 | F24: ='OPEX'!F19+'OPEX'!F20+'OPEX'!F21+'OPEX'!F22+'OPEX'!F23 | G24: ='OPEX'!G19+'OPEX'!G20+'OPEX'!G21+'OPEX'!G22+'OPEX'!G23 | H24: ='OPEX'!H19+'OPEX'!H20+'OPEX'!H21+'OPEX'!H22+'OPEX'!H23 | I24: ='OPEX'!I19+'OPEX'!I20+'OPEX'!I21+'OPEX'!I22+'OPEX'!I23 | J24: ='OPEX'!J19+'OPEX'!J20+'OPEX'!J21+'OPEX'!J22+'OPEX'!J23 | K24: ='OPEX'!K19+'OPEX'!K20+'OPEX'!K21+'OPEX'!K22+'OPEX'!K23 | L24: ='OPEX'!L19+'OPEX'!L20+'OPEX'!L21+'OPEX'!L22+'OPEX'!L23 | M24: ='OPEX'!M19+'OPEX'!M20+'OPEX'!M21+'OPEX'!M22+'OPEX'!M23 | ... AR24: ='OPEX'!AR19+'OPEX'!AR20+'OPEX'!AR21+'OPEX'!AR22+'OPEX'!AR23
A25: FAVÖK | B25: USD | D25: =SUM(F25:AR25) | E25: 0 | F25: ='Gelir'!F25-'Gelir'!F24-'Gelir'!F23-'OPEX'!F24 | G25: ='Gelir'!G25-'Gelir'!G24-'Gelir'!G23-'OPEX'!G24 | H25: ='Gelir'!H25-'Gelir'!H24-'Gelir'!H23-'OPEX'!H24 | I25: ='Gelir'!I25-'Gelir'!I24-'Gelir'!I23-'OPEX'!I24 | J25: ='Gelir'!J25-'Gelir'!J24-'Gelir'!J23-'OPEX'!J24 | K25: ='Gelir'!K25-'Gelir'!K24-'Gelir'!K23-'OPEX'!K24 | L25: ='Gelir'!L25-'Gelir'!L24-'Gelir'!L23-'OPEX'!L24 | M25: ='Gelir'!M25-'Gelir'!M24-'Gelir'!M23-'OPEX'!M24 | ... AR25: ='Gelir'!AR25-'Gelir'!AR24-'Gelir'!AR23-'OPEX'!AR24
A26: Augmentation + batarya yenilemesi | B26: USD | D26: =SUM(F26:AR26) | E26: 0 | F26: =IF(OR('Zaman'!F9=8,'Zaman'!F9=16,'Zaman'!F9=28),Girdiler!$C$51*Girdiler!$C$26*Girdiler!$C$31*(1-Girdiler!$C$52)^'Zaman'!F9,0)+IF('Zaman'!F9=Girdiler!$C$53,Girdiler!$C$88*(1-Girdiler!$C$52)^Girdiler!$C$53,0) | G26: =IF(OR('Zaman'!G9=8,'Zaman'!G9=16,'Zaman'!G9=28),Girdiler!$C$51*Girdiler!$C$26*Girdiler!$C$31*(1-Girdiler!$C$52)^'Zaman'!G9,0)+IF('Zaman'!G9=Girdiler!$C$53,Girdiler!$C$88*(1-Girdiler!$C$52)^Girdiler!$C$53,0) | H26: =IF(OR('Zaman'!H9=8,'Zaman'!H9=16,'Zaman'!H9=28),Girdiler!$C$51*Girdiler!$C$26*Girdiler!$C$31*(1-Girdiler!$C$52)^'Zaman'!H9,0)+IF('Zaman'!H9=Girdiler!$C$53,Girdiler!$C$88*(1-Girdiler!$C$52)^Girdiler!$C$53,0) | I26: =IF(OR('Zaman'!I9=8,'Zaman'!I9=16,'Zaman'!I9=28),Girdiler!$C$51*Girdiler!$C$26*Girdiler!$C$31*(1-Girdiler!$C$52)^'Zaman'!I9,0)+IF('Zaman'!I9=Girdiler!$C$53,Girdiler!$C$88*(1-Girdiler!$C$52)^Girdiler!$C$53,0) | J26: =IF(OR('Zaman'!J9=8,'Zaman'!J9=16,'Zaman'!J9=28),Girdiler!$C$51*Girdiler!$C$26*Girdiler!$C$31*(1-Girdiler!$C$52)^'Zaman'!J9,0)+IF('Zaman'!J9=Girdiler!$C$53,Girdiler!$C$88*(1-Girdiler!$C$52)^Girdiler!$C$53,0) | K26: =IF(OR('Zaman'!K9=8,'Zaman'!K9=16,'Zaman'!K9=28),Girdiler!$C$51*Girdiler!$C$26*Girdiler!$C$31*(1-Girdiler!$C$52)^'Zaman'!K9,0)+IF('Zaman'!K9=Girdiler!$C$53,Girdiler!$C$88*(1-Girdiler!$C$52)^Girdiler!$C$53,0) | L26: =IF(OR('Zaman'!L9=8,'Zaman'!L9=16,'Zaman'!L9=28),Girdiler!$C$51*Girdiler!$C$26*Girdiler!$C$31*(1-Girdiler!$C$52)^'Zaman'!L9,0)+IF('Zaman'!L9=Girdiler!$C$53,Girdiler!$C$88*(1-Girdiler!$C$52)^Girdiler!$C$53,0) | M26: =IF(OR('Zaman'!M9=8,'Zaman'!M9=16,'Zaman'!M9=28),Girdiler!$C$51*Girdiler!$C$26*Girdiler!$C$31*(1-Girdiler!$C$52)^'Zaman'!M9,0)+IF('Zaman'!M9=Girdiler!$C$53,Girdiler!$C$88*(1-Girdiler!$C$52)^Girdiler!$C$53,0) | ... AR26: =IF(OR('Zaman'!AR9=8,'Zaman'!AR9=16,'Zaman'!AR9=28),Girdiler!$C$51*Girdiler!$C$26*Girdiler!$C$31*(1-Girdiler!$C$52)^'Zaman'!AR9,0)+IF('Zaman'!AR9=Girdiler!$C$53,Girdiler!$C$88*(1-Girdiler!$C$52)^Girdiler!$C$53,0)
A27: Söküm (son işletme yılı) | B27: USD | D27: =SUM(F27:AR27) | E27: 0 | F27: =IF('Zaman'!F9=Girdiler!$C$36,Girdiler!$C$54*Girdiler!$C$26+Girdiler!$C$55*Girdiler!$C$24,0) | G27: =IF('Zaman'!G9=Girdiler!$C$36,Girdiler!$C$54*Girdiler!$C$26+Girdiler!$C$55*Girdiler!$C$24,0) | H27: =IF('Zaman'!H9=Girdiler!$C$36,Girdiler!$C$54*Girdiler!$C$26+Girdiler!$C$55*Girdiler!$C$24,0) | I27: =IF('Zaman'!I9=Girdiler!$C$36,Girdiler!$C$54*Girdiler!$C$26+Girdiler!$C$55*Girdiler!$C$24,0) | J27: =IF('Zaman'!J9=Girdiler!$C$36,Girdiler!$C$54*Girdiler!$C$26+Girdiler!$C$55*Girdiler!$C$24,0) | K27: =IF('Zaman'!K9=Girdiler!$C$36,Girdiler!$C$54*Girdiler!$C$26+Girdiler!$C$55*Girdiler!$C$24,0) | L27: =IF('Zaman'!L9=Girdiler!$C$36,Girdiler!$C$54*Girdiler!$C$26+Girdiler!$C$55*Girdiler!$C$24,0) | M27: =IF('Zaman'!M9=Girdiler!$C$36,Girdiler!$C$54*Girdiler!$C$26+Girdiler!$C$55*Girdiler!$C$24,0) | ... AR27: =IF('Zaman'!AR9=Girdiler!$C$36,Girdiler!$C$54*Girdiler!$C$26+Girdiler!$C$55*Girdiler!$C$24,0)

Sheet Vergi
A1: Amortisman, zarar mahsubu, vergi ve KDV
A4: Kalem | B4: Birim | C4: Not / kaynak | D4: Toplam / değer | E4: t0 (bugün) | F4: 2026 | G4: 2027 | H4: 2028 | I4: 2029 | J4: 2030 | K4: 2031 | L4: 2032 | M4: 2033 | N4: 2034 | O4: 2035 | P4: 2036 | Q4: 2037 | R4: 2038 | S4: 2039 | T4: 2040 | U4: 2041 | V4: 2042 | W4: 2043 | X4: 2044 | Y4: 2045 | Z4: 2046 | AA4: 2047 | AB4: 2048 | AC4: 2049 | AD4: 2050 | AE4: 2051 | AF4: 2052 | AG4: 2053 | AH4: 2054 | AI4: 2055 | AJ4: 2056 | AK4: 2057 | AL4: 2058 | AM4: 2059 | AN4: 2060 | AO4: 2061 | AP4: 2062 | AQ4: 2063 | AR4: 2064
A7: — Blok: seçilen üretim durumu —
A8: Amortisman (10 yıl doğrusal) | B8: USD | D8: =SUM(F8:AR8) | E8: 0 | F8: =IF(AND('Zaman'!F9>=1,'Zaman'!F9<=Girdiler!$C$75),Girdiler!$C$90/Girdiler!$C$75,0) | G8: =IF(AND('Zaman'!G9>=1,'Zaman'!G9<=Girdiler!$C$75),Girdiler!$C$90/Girdiler!$C$75,0) | H8: =IF(AND('Zaman'!H9>=1,'Zaman'!H9<=Girdiler!$C$75),Girdiler!$C$90/Girdiler!$C$75,0) | I8: =IF(AND('Zaman'!I9>=1,'Zaman'!I9<=Girdiler!$C$75),Girdiler!$C$90/Girdiler!$C$75,0) | J8: =IF(AND('Zaman'!J9>=1,'Zaman'!J9<=Girdiler!$C$75),Girdiler!$C$90/Girdiler!$C$75,0) | K8: =IF(AND('Zaman'!K9>=1,'Zaman'!K9<=Girdiler!$C$75),Girdiler!$C$90/Girdiler!$C$75,0) | L8: =IF(AND('Zaman'!L9>=1,'Zaman'!L9<=Girdiler!$C$75),Girdiler!$C$90/Girdiler!$C$75,0) | M8: =IF(AND('Zaman'!M9>=1,'Zaman'!M9<=Girdiler!$C$75),Girdiler!$C$90/Girdiler!$C$75,0) | ... AR8: =IF(AND('Zaman'!AR9>=1,'Zaman'!AR9<=Girdiler!$C$75),Girdiler!$C$90/Girdiler!$C$75,0)
A9: Mahsup öncesi matrah | B9: USD | D9: =SUM(F9:AR9) | E9: 0 | F9: ='OPEX'!F14-'Vergi'!F8-'OPEX'!F15-'OPEX'!F16 | G9: ='OPEX'!G14-'Vergi'!G8-'OPEX'!G15-'OPEX'!G16 | H9: ='OPEX'!H14-'Vergi'!H8-'OPEX'!H15-'OPEX'!H16 | I9: ='OPEX'!I14-'Vergi'!I8-'OPEX'!I15-'OPEX'!I16 | J9: ='OPEX'!J14-'Vergi'!J8-'OPEX'!J15-'OPEX'!J16 | K9: ='OPEX'!K14-'Vergi'!K8-'OPEX'!K15-'OPEX'!K16 | L9: ='OPEX'!L14-'Vergi'!L8-'OPEX'!L15-'OPEX'!L16 | M9: ='OPEX'!M14-'Vergi'!M8-'OPEX'!M15-'OPEX'!M16 | ... AR9: ='OPEX'!AR14-'Vergi'!AR8-'OPEX'!AR15-'OPEX'!AR16
A10: Dönem zararı | B10: USD | D10: =SUM(F10:AR10) | E10: 0 | F10: =MAX(-'Vergi'!F9,0) | G10: =MAX(-'Vergi'!G9,0) | H10: =MAX(-'Vergi'!H9,0) | I10: =MAX(-'Vergi'!I9,0) | J10: =MAX(-'Vergi'!J9,0) | K10: =MAX(-'Vergi'!K9,0) | L10: =MAX(-'Vergi'!L9,0) | M10: =MAX(-'Vergi'!M9,0) | ... AR10: =MAX(-'Vergi'!AR9,0)
A11: Pozitif matrah | B11: USD | D11: =SUM(F11:AR11) | E11: 0 | F11: =MAX('Vergi'!F9,0) | G11: =MAX('Vergi'!G9,0) | H11: =MAX('Vergi'!H9,0) | I11: =MAX('Vergi'!I9,0) | J11: =MAX('Vergi'!J9,0) | K11: =MAX('Vergi'!K9,0) | L11: =MAX('Vergi'!L9,0) | M11: =MAX('Vergi'!M9,0) | ... AR11: =MAX('Vergi'!AR9,0)
A12: FIFO mahsup matrisi: satır = zararın doğduğu işletme yılı v, hücre = o yıl kullanılan tutar (v+1 … v+5)
A13: Zarar yılı 1 — kullanım | B13: USD | F13: =IF(AND('Zaman'!F9>1,'Zaman'!F9-1<=5),MIN(INDEX('Vergi'!$F$10:$AR$10,MATCH(1,'Zaman'!$F$9:$AR$9,0))-0,MAX(0,'Vergi'!F11-0)),0) | G13: =IF(AND('Zaman'!G9>1,'Zaman'!G9-1<=5),MIN(INDEX('Vergi'!$F$10:$AR$10,MATCH(1,'Zaman'!$F$9:$AR$9,0))-SUM(F13:F13),MAX(0,'Vergi'!G11-0)),0) | H13: =IF(AND('Zaman'!H9>1,'Zaman'!H9-1<=5),MIN(INDEX('Vergi'!$F$10:$AR$10,MATCH(1,'Zaman'!$F$9:$AR$9,0))-SUM(F13:G13),MAX(0,'Vergi'!H11-0)),0) | I13: =IF(AND('Zaman'!I9>1,'Zaman'!I9-1<=5),MIN(INDEX('Vergi'!$F$10:$AR$10,MATCH(1,'Zaman'!$F$9:$AR$9,0))-SUM(F13:H13),MAX(0,'Vergi'!I11-0)),0) | J13: =IF(AND('Zaman'!J9>1,'Zaman'!J9-1<=5),MIN(INDEX('Vergi'!$F$10:$AR$10,MATCH(1,'Zaman'!$F$9:$AR$9,0))-SUM(F13:I13),MAX(0,'Vergi'!J11-0)),0) | K13: =IF(AND('Zaman'!K9>1,'Zaman'!K9-1<=5),MIN(INDEX('Vergi'!$F$10:$AR$10,MATCH(1,'Zaman'!$F$9:$AR$9,0))-SUM(F13:J13),MAX(0,'Vergi'!K11-0)),0) | L13: =IF(AND('Zaman'!L9>1,'Zaman'!L9-1<=5),MIN(INDEX('Vergi'!$F$10:$AR$10,MATCH(1,'Zaman'!$F$9:$AR$9,0))-SUM(F13:K13),MAX(0,'Vergi'!L11-0)),0) | M13: =IF(AND('Zaman'!M9>1,'Zaman'!M9-1<=5),MIN(INDEX('Vergi'!$F$10:$AR$10,MATCH(1,'Zaman'!$F$9:$AR$9,0))-SUM(F13:L13),MAX(0,'Vergi'!M11-0)),0) | N13: =IF(AND('Zaman'!N9>1,'Zaman'!N9-1<=5),MIN(INDEX('Vergi'!$F$10:$AR$10,MATCH(1,'Zaman'!$F$9:$AR$9,0))-SUM(F13:M13),MAX(0,'Vergi'!N11-0)),0) | O13: =IF(AND('Zaman'!O9>1,'Zaman'!O9-1<=5),MIN(INDEX('Vergi'!$F$10:$AR$10,MATCH(1,'Zaman'!$F$9:$AR$9,0))-SUM(F13:N13),MAX(0,'Vergi'!O11-0)),0) | P13: =IF(AND('Zaman'!P9>1,'Zaman'!P9-1<=5),MIN(INDEX('Vergi'!$F$10:$AR$10,MATCH(1,'Zaman'!$F$9:$AR$9,0))-SUM(F13:O13),MAX(0,'Vergi'!P11-0)),0) | Q13: =IF(AND('Zaman'!Q9>1,'Zaman'!Q9-1<=5),MIN(INDEX('Vergi'!$F$10:$AR$10,MATCH(1,'Zaman'!$F$9:$AR$9,0))-SUM(F13:P13),MAX(0,'Vergi'!Q11-0)),0) | R13: =IF(AND('Zaman'!R9>1,'Zaman'!R9-1<=5),MIN(INDEX('Vergi'!$F$10:$AR$10,MATCH(1,'Zaman'!$F$9:$AR$9,0))-SUM(F13:Q13),MAX(0,'Vergi'!R11-0)),0) | S13: =IF(AND('Zaman'!S9>1,'Zaman'!S9-1<=5),MIN(INDEX('Vergi'!$F$10:$AR$10,MATCH(1,'Zaman'!$F$9:$AR$9,0))-SUM(F13:R13),MAX(0,'Vergi'!S11-0)),0) | T13: =IF(AND('Zaman'!T9>1,'Zaman'!T9-1<=5),MIN(INDEX('Vergi'!$F$10:$AR$10,MATCH(1,'Zaman'!$F$9:$AR$9,0))-SUM(F13:S13),MAX(0,'Vergi'!T11-0)),0) | U13: =IF(AND('Zaman'!U9>1,'Zaman'!U9-1<=5),MIN(INDEX('Vergi'!$F$10:$AR$10,MATCH(1,'Zaman'!$F$9:$AR$9,0))-SUM(F13:T13),MAX(0,'Vergi'!U11-0)),0) | V13: =IF(AND('Zaman'!V9>1,'Zaman'!V9-1<=5),MIN(INDEX('Vergi'!$F$10:$AR$10,MATCH(1,'Zaman'!$F$9:$AR$9,0))-SUM(F13:U13),MAX(0,'Vergi'!V11-0)),0) | W13: =IF(AND('Zaman'!W9>1,'Zaman'!W9-1<=5),MIN(INDEX('Vergi'!$F$10:$AR$10,MATCH(1,'Zaman'!$F$9:$AR$9,0))-SUM(F13:V13),MAX(0,'Vergi'!W11-0)),0) | X13: =IF(AND('Zaman'!X9>1,'Zaman'!X9-1<=5),MIN(INDEX('Vergi'!$F$10:$AR$10,MATCH(1,'Zaman'!$F$9:$AR$9,0))-SUM(F13:W13),MAX(0,'Vergi'!X11-0)),0) | Y13: =IF(AND('Zaman'!Y9>1,'Zaman'!Y9-1<=5),MIN(INDEX('Vergi'!$F$10:$AR$10,MATCH(1,'Zaman'!$F$9:$AR$9,0))-SUM(F13:X13),MAX(0,'Vergi'!Y11-0)),0) | Z13: =IF(AND('Zaman'!Z9>1,'Zaman'!Z9-1<=5),MIN(INDEX('Vergi'!$F$10:$AR$10,MATCH(1,'Zaman'!$F$9:$AR$9,0))-SUM(F13:Y13),MAX(0,'Vergi'!Z11-0)),0) | AA13: =IF(AND('Zaman'!AA9>1,'Zaman'!AA9-1<=5),MIN(INDEX('Vergi'!$F$10:$AR$10,MATCH(1,'Zaman'!$F$9:$AR$9,0))-SUM(F13:Z13),MAX(0,'Vergi'!AA11-0)),0) | AB13: =IF(AND('Zaman'!AB9>1,'Zaman'!AB9-1<=5),MIN(INDEX('Vergi'!$F$10:$AR$10,MATCH(1,'Zaman'!$F$9:$AR$9,0))-SUM(F13:AA13),MAX(0,'Vergi'!AB11-0)),0) | AC13: =IF(AND('Zaman'!AC9>1,'Zaman'!AC9-1<=5),MIN(INDEX('Vergi'!$F$10:$AR$10,MATCH(1,'Zaman'!$F$9:$AR$9,0))-SUM(F13:AB13),MAX(0,'Vergi'!AC11-0)),0) | AD13: =IF(AND('Zaman'!AD9>1,'Zaman'!AD9-1<=5),MIN(INDEX('Vergi'!$F$10:$AR$10,MATCH(1,'Zaman'!$F$9:$AR$9,0))-SUM(F13:AC13),MAX(0,'Vergi'!AD11-0)),0) | AE13: =IF(AND('Zaman'!AE9>1,'Zaman'!AE9-1<=5),MIN(INDEX('Vergi'!$F$10:$AR$10,MATCH(1,'Zaman'!$F$9:$AR$9,0))-SUM(F13:AD13),MAX(0,'Vergi'!AE11-0)),0) | AF13: =IF(AND('Zaman'!AF9>1,'Zaman'!AF9-1<=5),MIN(INDEX('Vergi'!$F$10:$AR$10,MATCH(1,'Zaman'!$F$9:$AR$9,0))-SUM(F13:AE13),MAX(0,'Vergi'!AF11-0)),0) | AG13: =IF(AND('Zaman'!AG9>1,'Zaman'!AG9-1<=5),MIN(INDEX('Vergi'!$F$10:$AR$10,MATCH(1,'Zaman'!$F$9:$AR$9,0))-SUM(F13:AF13),MAX(0,'Vergi'!AG11-0)),0) | AH13: =IF(AND('Zaman'!AH9>1,'Zaman'!AH9-1<=5),MIN(INDEX('Vergi'!$F$10:$AR$10,MATCH(1,'Zaman'!$F$9:$AR$9,0))-SUM(F13:AG13),MAX(0,'Vergi'!AH11-0)),0) | AI13: =IF(AND('Zaman'!AI9>1,'Zaman'!AI9-1<=5),MIN(INDEX('Vergi'!$F$10:$AR$10,MATCH(1,'Zaman'!$F$9:$AR$9,0))-SUM(F13:AH13),MAX(0,'Vergi'!AI11-0)),0) | AJ13: =IF(AND('Zaman'!AJ9>1,'Zaman'!AJ9-1<=5),MIN(INDEX('Vergi'!$F$10:$AR$10,MATCH(1,'Zaman'!$F$9:$AR$9,0))-SUM(F13:AI13),MAX(0,'Vergi'!AJ11-0)),0) | AK13: =IF(AND('Zaman'!AK9>1,'Zaman'!AK9-1<=5),MIN(INDEX('Vergi'!$F$10:$AR$10,MATCH(1,'Zaman'!$F$9:$AR$9,0))-SUM(F13:AJ13),MAX(0,'Vergi'!AK11-0)),0) | AL13: =IF(AND('Zaman'!AL9>1,'Zaman'!AL9-1<=5),MIN(INDEX('Vergi'!$F$10:$AR$10,MATCH(1,'Zaman'!$F$9:$AR$9,0))-SUM(F13:AK13),MAX(0,'Vergi'!AL11-0)),0) | AM13: =IF(AND('Zaman'!AM9>1,'Zaman'!AM9-1<=5),MIN(INDEX('Vergi'!$F$10:$AR$10,MATCH(1,'Zaman'!$F$9:$AR$9,0))-SUM(F13:AL13),MAX(0,'Vergi'!AM11-0)),0) | AN13: =IF(AND('Zaman'!AN9>1,'Zaman'!AN9-1<=5),MIN(INDEX('Vergi'!$F$10:$AR$10,MATCH(1,'Zaman'!$F$9:$AR$9,0))-SUM(F13:AM13),MAX(0,'Vergi'!AN11-0)),0) | AO13: =IF(AND('Zaman'!AO9>1,'Zaman'!AO9-1<=5),MIN(INDEX('Vergi'!$F$10:$AR$10,MATCH(1,'Zaman'!$F$9:$AR$9,0))-SUM(F13:AN13),MAX(0,'Vergi'!AO11-0)),0) | AP13: =IF(AND('Zaman'!AP9>1,'Zaman'!AP9-1<=5),MIN(INDEX('Vergi'!$F$10:$AR$10,MATCH(1,'Zaman'!$F$9:$AR$9,0))-SUM(F13:AO13),MAX(0,'Vergi'!AP11-0)),0) | AQ13: =IF(AND('Zaman'!AQ9>1,'Zaman'!AQ9-1<=5),MIN(INDEX('Vergi'!$F$10:$AR$10,MATCH(1,'Zaman'!$F$9:$AR$9,0))-SUM(F13:AP13),MAX(0,'Vergi'!AQ11-0)),0) | AR13: =IF(AND('Zaman'!AR9>1,'Zaman'!AR9-1<=5),MIN(INDEX('Vergi'!$F$10:$AR$10,MATCH(1,'Zaman'!$F$9:$AR$9,0))-SUM(F13:AQ13),MAX(0,'Vergi'!AR11-0)),0)
A14: Zarar yılı 2 — kullanım | B14: USD | F14: =IF(AND('Zaman'!F9>2,'Zaman'!F9-2<=5),MIN(INDEX('Vergi'!$F$10:$AR$10,MATCH(2,'Zaman'!$F$9:$AR$9,0))-0,MAX(0,'Vergi'!F11-SUM(F13:F13))),0) | G14: =IF(AND('Zaman'!G9>2,'Zaman'!G9-2<=5),MIN(INDEX('Vergi'!$F$10:$AR$10,MATCH(2,'Zaman'!$F$9:$AR$9,0))-SUM(F14:F14),MAX(0,'Vergi'!G11-SUM(G13:G13))),0) | H14: =IF(AND('Zaman'!H9>2,'Zaman'!H9-2<=5),MIN(INDEX('Vergi'!$F$10:$AR$10,MATCH(2,'Zaman'!$F$9:$AR$9,0))-SUM(F14:G14),MAX(0,'Vergi'!H11-SUM(H13:H13))),0) | I14: =IF(AND('Zaman'!I9>2,'Zaman'!I9-2<=5),MIN(INDEX('Vergi'!$F$10:$AR$10,MATCH(2,'Zaman'!$F$9:$AR$9,0))-SUM(F14:H14),MAX(0,'Vergi'!I11-SUM(I13:I13))),0) | J14: =IF(AND('Zaman'!J9>2,'Zaman'!J9-2<=5),MIN(INDEX('Vergi'!$F$10:$AR$10,MATCH(2,'Zaman'!$F$9:$AR$9,0))-SUM(F14:I14),MAX(0,'Vergi'!J11-SUM(J13:J13))),0) | K14: =IF(AND('Zaman'!K9>2,'Zaman'!K9-2<=5),MIN(INDEX('Vergi'!$F$10:$AR$10,MATCH(2,'Zaman'!$F$9:$AR$9,0))-SUM(F14:J14),MAX(0,'Vergi'!K11-SUM(K13:K13))),0) | L14: =IF(AND('Zaman'!L9>2,'Zaman'!L9-2<=5),MIN(INDEX('Vergi'!$F$10:$AR$10,MATCH(2,'Zaman'!$F$9:$AR$9,0))-SUM(F14:K14),MAX(0,'Vergi'!L11-SUM(L13:L13))),0) | M14: =IF(AND('Zaman'!M9>2,'Zaman'!M9-2<=5),MIN(INDEX('Vergi'!$F$10:$AR$10,MATCH(2,'Zaman'!$F$9:$AR$9,0))-SUM(F14:L14),MAX(0,'Vergi'!M11-SUM(M13:M13))),0) | N14: =IF(AND('Zaman'!N9>2,'Zaman'!N9-2<=5),MIN(INDEX('Vergi'!$F$10:$AR$10,MATCH(2,'Zaman'!$F$9:$AR$9,0))-SUM(F14:M14),MAX(0,'Vergi'!N11-SUM(N13:N13))),0) | O14: =IF(AND('Zaman'!O9>2,'Zaman'!O9-2<=5),MIN(INDEX('Vergi'!$F$10:$AR$10,MATCH(2,'Zaman'!$F$9:$AR$9,0))-SUM(F14:N14),MAX(0,'Vergi'!O11-SUM(O13:O13))),0) | P14: =IF(AND('Zaman'!P9>2,'Zaman'!P9-2<=5),MIN(INDEX('Vergi'!$F$10:$AR$10,MATCH(2,'Zaman'!$F$9:$AR$9,0))-SUM(F14:O14),MAX(0,'Vergi'!P11-SUM(P13:P13))),0) | Q14: =IF(AND('Zaman'!Q9>2,'Zaman'!Q9-2<=5),MIN(INDEX('Vergi'!$F$10:$AR$10,MATCH(2,'Zaman'!$F$9:$AR$9,0))-SUM(F14:P14),MAX(0,'Vergi'!Q11-SUM(Q13:Q13))),0) | R14: =IF(AND('Zaman'!R9>2,'Zaman'!R9-2<=5),MIN(INDEX('Vergi'!$F$10:$AR$10,MATCH(2,'Zaman'!$F$9:$AR$9,0))-SUM(F14:Q14),MAX(0,'Vergi'!R11-SUM(R13:R13))),0) | S14: =IF(AND('Zaman'!S9>2,'Zaman'!S9-2<=5),MIN(INDEX('Vergi'!$F$10:$AR$10,MATCH(2,'Zaman'!$F$9:$AR$9,0))-SUM(F14:R14),MAX(0,'Vergi'!S11-SUM(S13:S13))),0) | T14: =IF(AND('Zaman'!T9>2,'Zaman'!T9-2<=5),MIN(INDEX('Vergi'!$F$10:$AR$10,MATCH(2,'Zaman'!$F$9:$AR$9,0))-SUM(F14:S14),MAX(0,'Vergi'!T11-SUM(T13:T13))),0) | U14: =IF(AND('Zaman'!U9>2,'Zaman'!U9-2<=5),MIN(INDEX('Vergi'!$F$10:$AR$10,MATCH(2,'Zaman'!$F$9:$AR$9,0))-SUM(F14:T14),MAX(0,'Vergi'!U11-SUM(U13:U13))),0) | V14: =IF(AND('Zaman'!V9>2,'Zaman'!V9-2<=5),MIN(INDEX('Vergi'!$F$10:$AR$10,MATCH(2,'Zaman'!$F$9:$AR$9,0))-SUM(F14:U14),MAX(0,'Vergi'!V11-SUM(V13:V13))),0) | W14: =IF(AND('Zaman'!W9>2,'Zaman'!W9-2<=5),MIN(INDEX('Vergi'!$F$10:$AR$10,MATCH(2,'Zaman'!$F$9:$AR$9,0))-SUM(F14:V14),MAX(0,'Vergi'!W11-SUM(W13:W13))),0) | X14: =IF(AND('Zaman'!X9>2,'Zaman'!X9-2<=5),MIN(INDEX('Vergi'!$F$10:$AR$10,MATCH(2,'Zaman'!$F$9:$AR$9,0))-SUM(F14:W14),MAX(0,'Vergi'!X11-SUM(X13:X13))),0) | Y14: =IF(AND('Zaman'!Y9>2,'Zaman'!Y9-2<=5),MIN(INDEX('Vergi'!$F$10:$AR$10,MATCH(2,'Zaman'!$F$9:$AR$9,0))-SUM(F14:X14),MAX(0,'Vergi'!Y11-SUM(Y13:Y13))),0) | Z14: =IF(AND('Zaman'!Z9>2,'Zaman'!Z9-2<=5),MIN(INDEX('Vergi'!$F$10:$AR$10,MATCH(2,'Zaman'!$F$9:$AR$9,0))-SUM(F14:Y14),MAX(0,'Vergi'!Z11-SUM(Z13:Z13))),0) | AA14: =IF(AND('Zaman'!AA9>2,'Zaman'!AA9-2<=5),MIN(INDEX('Vergi'!$F$10:$AR$10,MATCH(2,'Zaman'!$F$9:$AR$9,0))-SUM(F14:Z14),MAX(0,'Vergi'!AA11-SUM(AA13:AA13))),0) | AB14: =IF(AND('Zaman'!AB9>2,'Zaman'!AB9-2<=5),MIN(INDEX('Vergi'!$F$10:$AR$10,MATCH(2,'Zaman'!$F$9:$AR$9,0))-SUM(F14:AA14),MAX(0,'Vergi'!AB11-SUM(AB13:AB13))),0) | AC14: =IF(AND('Zaman'!AC9>2,'Zaman'!AC9-2<=5),MIN(INDEX('Vergi'!$F$10:$AR$10,MATCH(2,'Zaman'!$F$9:$AR$9,0))-SUM(F14:AB14),MAX(0,'Vergi'!AC11-SUM(AC13:AC13))),0) | AD14: =IF(AND('Zaman'!AD9>2,'Zaman'!AD9-2<=5),MIN(INDEX('Vergi'!$F$10:$AR$10,MATCH(2,'Zaman'!$F$9:$AR$9,0))-SUM(F14:AC14),MAX(0,'Vergi'!AD11-SUM(AD13:AD13))),0) | AE14: =IF(AND('Zaman'!AE9>2,'Zaman'!AE9-2<=5),MIN(INDEX('Vergi'!$F$10:$AR$10,MATCH(2,'Zaman'!$F$9:$AR$9,0))-SUM(F14:AD14),MAX(0,'Vergi'!AE11-SUM(AE13:AE13))),0) | AF14: =IF(AND('Zaman'!AF9>2,'Zaman'!AF9-2<=5),MIN(INDEX('Vergi'!$F$10:$AR$10,MATCH(2,'Zaman'!$F$9:$AR$9,0))-SUM(F14:AE14),MAX(0,'Vergi'!AF11-SUM(AF13:AF13))),0) | AG14: =IF(AND('Zaman'!AG9>2,'Zaman'!AG9-2<=5),MIN(INDEX('Vergi'!$F$10:$AR$10,MATCH(2,'Zaman'!$F$9:$AR$9,0))-SUM(F14:AF14),MAX(0,'Vergi'!AG11-SUM(AG13:AG13))),0) | AH14: =IF(AND('Zaman'!AH9>2,'Zaman'!AH9-2<=5),MIN(INDEX('Vergi'!$F$10:$AR$10,MATCH(2,'Zaman'!$F$9:$AR$9,0))-SUM(F14:AG14),MAX(0,'Vergi'!AH11-SUM(AH13:AH13))),0) | AI14: =IF(AND('Zaman'!AI9>2,'Zaman'!AI9-2<=5),MIN(INDEX('Vergi'!$F$10:$AR$10,MATCH(2,'Zaman'!$F$9:$AR$9,0))-SUM(F14:AH14),MAX(0,'Vergi'!AI11-SUM(AI13:AI13))),0) | AJ14: =IF(AND('Zaman'!AJ9>2,'Zaman'!AJ9-2<=5),MIN(INDEX('Vergi'!$F$10:$AR$10,MATCH(2,'Zaman'!$F$9:$AR$9,0))-SUM(F14:AI14),MAX(0,'Vergi'!AJ11-SUM(AJ13:AJ13))),0) | AK14: =IF(AND('Zaman'!AK9>2,'Zaman'!AK9-2<=5),MIN(INDEX('Vergi'!$F$10:$AR$10,MATCH(2,'Zaman'!$F$9:$AR$9,0))-SUM(F14:AJ14),MAX(0,'Vergi'!AK11-SUM(AK13:AK13))),0) | AL14: =IF(AND('Zaman'!AL9>2,'Zaman'!AL9-2<=5),MIN(INDEX('Vergi'!$F$10:$AR$10,MATCH(2,'Zaman'!$F$9:$AR$9,0))-SUM(F14:AK14),MAX(0,'Vergi'!AL11-SUM(AL13:AL13))),0) | AM14: =IF(AND('Zaman'!AM9>2,'Zaman'!AM9-2<=5),MIN(INDEX('Vergi'!$F$10:$AR$10,MATCH(2,'Zaman'!$F$9:$AR$9,0))-SUM(F14:AL14),MAX(0,'Vergi'!AM11-SUM(AM13:AM13))),0) | AN14: =IF(AND('Zaman'!AN9>2,'Zaman'!AN9-2<=5),MIN(INDEX('Vergi'!$F$10:$AR$10,MATCH(2,'Zaman'!$F$9:$AR$9,0))-SUM(F14:AM14),MAX(0,'Vergi'!AN11-SUM(AN13:AN13))),0) | AO14: =IF(AND('Zaman'!AO9>2,'Zaman'!AO9-2<=5),MIN(INDEX('Vergi'!$F$10:$AR$10,MATCH(2,'Zaman'!$F$9:$AR$9,0))-SUM(F14:AN14),MAX(0,'Vergi'!AO11-SUM(AO13:AO13))),0) | AP14: =IF(AND('Zaman'!AP9>2,'Zaman'!AP9-2<=5),MIN(INDEX('Vergi'!$F$10:$AR$10,MATCH(2,'Zaman'!$F$9:$AR$9,0))-SUM(F14:AO14),MAX(0,'Vergi'!AP11-SUM(AP13:AP13))),0) | AQ14: =IF(AND('Zaman'!AQ9>2,'Zaman'!AQ9-2<=5),MIN(INDEX('Vergi'!$F$10:$AR$10,MATCH(2,'Zaman'!$F$9:$AR$9,0))-SUM(F14:AP14),MAX(0,'Vergi'!AQ11-SUM(AQ13:AQ13))),0) | AR14: =IF(AND('Zaman'!AR9>2,'Zaman'!AR9-2<=5),MIN(INDEX('Vergi'!$F$10:$AR$10,MATCH(2,'Zaman'!$F$9:$AR$9,0))-SUM(F14:AQ14),MAX(0,'Vergi'!AR11-SUM(AR13:AR13))),0)
A15: Zarar yılı 3 — kullanım | B15: USD | F15: =IF(AND('Zaman'!F9>3,'Zaman'!F9-3<=5),MIN(INDEX('Vergi'!$F$10:$AR$10,MATCH(3,'Zaman'!$F$9:$AR$9,0))-0,MAX(0,'Vergi'!F11-SUM(F13:F14))),0) | G15: =IF(AND('Zaman'!G9>3,'Zaman'!G9-3<=5),MIN(INDEX('Vergi'!$F$10:$AR$10,MATCH(3,'Zaman'!$F$9:$AR$9,0))-SUM(F15:F15),MAX(0,'Vergi'!G11-SUM(G13:G14))),0) | H15: =IF(AND('Zaman'!H9>3,'Zaman'!H9-3<=5),MIN(INDEX('Vergi'!$F$10:$AR$10,MATCH(3,'Zaman'!$F$9:$AR$9,0))-SUM(F15:G15),MAX(0,'Vergi'!H11-SUM(H13:H14))),0) | I15: =IF(AND('Zaman'!I9>3,'Zaman'!I9-3<=5),MIN(INDEX('Vergi'!$F$10:$AR$10,MATCH(3,'Zaman'!$F$9:$AR$9,0))-SUM(F15:H15),MAX(0,'Vergi'!I11-SUM(I13:I14))),0) | J15: =IF(AND('Zaman'!J9>3,'Zaman'!J9-3<=5),MIN(INDEX('Vergi'!$F$10:$AR$10,MATCH(3,'Zaman'!$F$9:$AR$9,0))-SUM(F15:I15),MAX(0,'Vergi'!J11-SUM(J13:J14))),0) | K15: =IF(AND('Zaman'!K9>3,'Zaman'!K9-3<=5),MIN(INDEX('Vergi'!$F$10:$AR$10,MATCH(3,'Zaman'!$F$9:$AR$9,0))-SUM(F15:J15),MAX(0,'Vergi'!K11-SUM(K13:K14))),0) | L15: =IF(AND('Zaman'!L9>3,'Zaman'!L9-3<=5),MIN(INDEX('Vergi'!$F$10:$AR$10,MATCH(3,'Zaman'!$F$9:$AR$9,0))-SUM(F15:K15),MAX(0,'Vergi'!L11-SUM(L13:L14))),0) | M15: =IF(AND('Zaman'!M9>3,'Zaman'!M9-3<=5),MIN(INDEX('Vergi'!$F$10:$AR$10,MATCH(3,'Zaman'!$F$9:$AR$9,0))-SUM(F15:L15),MAX(0,'Vergi'!M11-SUM(M13:M14))),0) | N15: =IF(AND('Zaman'!N9>3,'Zaman'!N9-3<=5),MIN(INDEX('Vergi'!$F$10:$AR$10,MATCH(3,'Zaman'!$F$9:$AR$9,0))-SUM(F15:M15),MAX(0,'Vergi'!N11-SUM(N13:N14))),0) | O15: =IF(AND('Zaman'!O9>3,'Zaman'!O9-3<=5),MIN(INDEX('Vergi'!$F$10:$AR$10,MATCH(3,'Zaman'!$F$9:$AR$9,0))-SUM(F15:N15),MAX(0,'Vergi'!O11-SUM(O13:O14))),0) | P15: =IF(AND('Zaman'!P9>3,'Zaman'!P9-3<=5),MIN(INDEX('Vergi'!$F$10:$AR$10,MATCH(3,'Zaman'!$F$9:$AR$9,0))-SUM(F15:O15),MAX(0,'Vergi'!P11-SUM(P13:P14))),0) | Q15: =IF(AND('Zaman'!Q9>3,'Zaman'!Q9-3<=5),MIN(INDEX('Vergi'!$F$10:$AR$10,MATCH(3,'Zaman'!$F$9:$AR$9,0))-SUM(F15:P15),MAX(0,'Vergi'!Q11-SUM(Q13:Q14))),0) | R15: =IF(AND('Zaman'!R9>3,'Zaman'!R9-3<=5),MIN(INDEX('Vergi'!$F$10:$AR$10,MATCH(3,'Zaman'!$F$9:$AR$9,0))-SUM(F15:Q15),MAX(0,'Vergi'!R11-SUM(R13:R14))),0) | S15: =IF(AND('Zaman'!S9>3,'Zaman'!S9-3<=5),MIN(INDEX('Vergi'!$F$10:$AR$10,MATCH(3,'Zaman'!$F$9:$AR$9,0))-SUM(F15:R15),MAX(0,'Vergi'!S11-SUM(S13:S14))),0) | T15: =IF(AND('Zaman'!T9>3,'Zaman'!T9-3<=5),MIN(INDEX('Vergi'!$F$10:$AR$10,MATCH(3,'Zaman'!$F$9:$AR$9,0))-SUM(F15:S15),MAX(0,'Vergi'!T11-SUM(T13:T14))),0) | U15: =IF(AND('Zaman'!U9>3,'Zaman'!U9-3<=5),MIN(INDEX('Vergi'!$F$10:$AR$10,MATCH(3,'Zaman'!$F$9:$AR$9,0))-SUM(F15:T15),MAX(0,'Vergi'!U11-SUM(U13:U14))),0) | V15: =IF(AND('Zaman'!V9>3,'Zaman'!V9-3<=5),MIN(INDEX('Vergi'!$F$10:$AR$10,MATCH(3,'Zaman'!$F$9:$AR$9,0))-SUM(F15:U15),MAX(0,'Vergi'!V11-SUM(V13:V14))),0) | W15: =IF(AND('Zaman'!W9>3,'Zaman'!W9-3<=5),MIN(INDEX('Vergi'!$F$10:$AR$10,MATCH(3,'Zaman'!$F$9:$AR$9,0))-SUM(F15:V15),MAX(0,'Vergi'!W11-SUM(W13:W14))),0) | X15: =IF(AND('Zaman'!X9>3,'Zaman'!X9-3<=5),MIN(INDEX('Vergi'!$F$10:$AR$10,MATCH(3,'Zaman'!$F$9:$AR$9,0))-SUM(F15:W15),MAX(0,'Vergi'!X11-SUM(X13:X14))),0) | Y15: =IF(AND('Zaman'!Y9>3,'Zaman'!Y9-3<=5),MIN(INDEX('Vergi'!$F$10:$AR$10,MATCH(3,'Zaman'!$F$9:$AR$9,0))-SUM(F15:X15),MAX(0,'Vergi'!Y11-SUM(Y13:Y14))),0) | Z15: =IF(AND('Zaman'!Z9>3,'Zaman'!Z9-3<=5),MIN(INDEX('Vergi'!$F$10:$AR$10,MATCH(3,'Zaman'!$F$9:$AR$9,0))-SUM(F15:Y15),MAX(0,'Vergi'!Z11-SUM(Z13:Z14))),0) | AA15: =IF(AND('Zaman'!AA9>3,'Zaman'!AA9-3<=5),MIN(INDEX('Vergi'!$F$10:$AR$10,MATCH(3,'Zaman'!$F$9:$AR$9,0))-SUM(F15:Z15),MAX(0,'Vergi'!AA11-SUM(AA13:AA14))),0) | AB15: =IF(AND('Zaman'!AB9>3,'Zaman'!AB9-3<=5),MIN(INDEX('Vergi'!$F$10:$AR$10,MATCH(3,'Zaman'!$F$9:$AR$9,0))-SUM(F15:AA15),MAX(0,'Vergi'!AB11-SUM(AB13:AB14))),0) | AC15: =IF(AND('Zaman'!AC9>3,'Zaman'!AC9-3<=5),MIN(INDEX('Vergi'!$F$10:$AR$10,MATCH(3,'Zaman'!$F$9:$AR$9,0))-SUM(F15:AB15),MAX(0,'Vergi'!AC11-SUM(AC13:AC14))),0) | AD15: =IF(AND('Zaman'!AD9>3,'Zaman'!AD9-3<=5),MIN(INDEX('Vergi'!$F$10:$AR$10,MATCH(3,'Zaman'!$F$9:$AR$9,0))-SUM(F15:AC15),MAX(0,'Vergi'!AD11-SUM(AD13:AD14))),0) | AE15: =IF(AND('Zaman'!AE9>3,'Zaman'!AE9-3<=5),MIN(INDEX('Vergi'!$F$10:$AR$10,MATCH(3,'Zaman'!$F$9:$AR$9,0))-SUM(F15:AD15),MAX(0,'Vergi'!AE11-SUM(AE13:AE14))),0) | AF15: =IF(AND('Zaman'!AF9>3,'Zaman'!AF9-3<=5),MIN(INDEX('Vergi'!$F$10:$AR$10,MATCH(3,'Zaman'!$F$9:$AR$9,0))-SUM(F15:AE15),MAX(0,'Vergi'!AF11-SUM(AF13:AF14))),0) | AG15: =IF(AND('Zaman'!AG9>3,'Zaman'!AG9-3<=5),MIN(INDEX('Vergi'!$F$10:$AR$10,MATCH(3,'Zaman'!$F$9:$AR$9,0))-SUM(F15:AF15),MAX(0,'Vergi'!AG11-SUM(AG13:AG14))),0) | AH15: =IF(AND('Zaman'!AH9>3,'Zaman'!AH9-3<=5),MIN(INDEX('Vergi'!$F$10:$AR$10,MATCH(3,'Zaman'!$F$9:$AR$9,0))-SUM(F15:AG15),MAX(0,'Vergi'!AH11-SUM(AH13:AH14))),0) | AI15: =IF(AND('Zaman'!AI9>3,'Zaman'!AI9-3<=5),MIN(INDEX('Vergi'!$F$10:$AR$10,MATCH(3,'Zaman'!$F$9:$AR$9,0))-SUM(F15:AH15),MAX(0,'Vergi'!AI11-SUM(AI13:AI14))),0) | AJ15: =IF(AND('Zaman'!AJ9>3,'Zaman'!AJ9-3<=5),MIN(INDEX('Vergi'!$F$10:$AR$10,MATCH(3,'Zaman'!$F$9:$AR$9,0))-SUM(F15:AI15),MAX(0,'Vergi'!AJ11-SUM(AJ13:AJ14))),0) | AK15: =IF(AND('Zaman'!AK9>3,'Zaman'!AK9-3<=5),MIN(INDEX('Vergi'!$F$10:$AR$10,MATCH(3,'Zaman'!$F$9:$AR$9,0))-SUM(F15:AJ15),MAX(0,'Vergi'!AK11-SUM(AK13:AK14))),0) | AL15: =IF(AND('Zaman'!AL9>3,'Zaman'!AL9-3<=5),MIN(INDEX('Vergi'!$F$10:$AR$10,MATCH(3,'Zaman'!$F$9:$AR$9,0))-SUM(F15:AK15),MAX(0,'Vergi'!AL11-SUM(AL13:AL14))),0) | AM15: =IF(AND('Zaman'!AM9>3,'Zaman'!AM9-3<=5),MIN(INDEX('Vergi'!$F$10:$AR$10,MATCH(3,'Zaman'!$F$9:$AR$9,0))-SUM(F15:AL15),MAX(0,'Vergi'!AM11-SUM(AM13:AM14))),0) | AN15: =IF(AND('Zaman'!AN9>3,'Zaman'!AN9-3<=5),MIN(INDEX('Vergi'!$F$10:$AR$10,MATCH(3,'Zaman'!$F$9:$AR$9,0))-SUM(F15:AM15),MAX(0,'Vergi'!AN11-SUM(AN13:AN14))),0) | AO15: =IF(AND('Zaman'!AO9>3,'Zaman'!AO9-3<=5),MIN(INDEX('Vergi'!$F$10:$AR$10,MATCH(3,'Zaman'!$F$9:$AR$9,0))-SUM(F15:AN15),MAX(0,'Vergi'!AO11-SUM(AO13:AO14))),0) | AP15: =IF(AND('Zaman'!AP9>3,'Zaman'!AP9-3<=5),MIN(INDEX('Vergi'!$F$10:$AR$10,MATCH(3,'Zaman'!$F$9:$AR$9,0))-SUM(F15:AO15),MAX(0,'Vergi'!AP11-SUM(AP13:AP14))),0) | AQ15: =IF(AND('Zaman'!AQ9>3,'Zaman'!AQ9-3<=5),MIN(INDEX('Vergi'!$F$10:$AR$10,MATCH(3,'Zaman'!$F$9:$AR$9,0))-SUM(F15:AP15),MAX(0,'Vergi'!AQ11-SUM(AQ13:AQ14))),0) | AR15: =IF(AND('Zaman'!AR9>3,'Zaman'!AR9-3<=5),MIN(INDEX('Vergi'!$F$10:$AR$10,MATCH(3,'Zaman'!$F$9:$AR$9,0))-SUM(F15:AQ15),MAX(0,'Vergi'!AR11-SUM(AR13:AR14))),0)
A16: Zarar yılı 4 — kullanım | B16: USD | F16: =IF(AND('Zaman'!F9>4,'Zaman'!F9-4<=5),MIN(INDEX('Vergi'!$F$10:$AR$10,MATCH(4,'Zaman'!$F$9:$AR$9,0))-0,MAX(0,'Vergi'!F11-SUM(F13:F15))),0) | G16: =IF(AND('Zaman'!G9>4,'Zaman'!G9-4<=5),MIN(INDEX('Vergi'!$F$10:$AR$10,MATCH(4,'Zaman'!$F$9:$AR$9,0))-SUM(F16:F16),MAX(0,'Vergi'!G11-SUM(G13:G15))),0) | H16: =IF(AND('Zaman'!H9>4,'Zaman'!H9-4<=5),MIN(INDEX('Vergi'!$F$10:$AR$10,MATCH(4,'Zaman'!$F$9:$AR$9,0))-SUM(F16:G16),MAX(0,'Vergi'!H11-SUM(H13:H15))),0) | I16: =IF(AND('Zaman'!I9>4,'Zaman'!I9-4<=5),MIN(INDEX('Vergi'!$F$10:$AR$10,MATCH(4,'Zaman'!$F$9:$AR$9,0))-SUM(F16:H16),MAX(0,'Vergi'!I11-SUM(I13:I15))),0) | J16: =IF(AND('Zaman'!J9>4,'Zaman'!J9-4<=5),MIN(INDEX('Vergi'!$F$10:$AR$10,MATCH(4,'Zaman'!$F$9:$AR$9,0))-SUM(F16:I16),MAX(0,'Vergi'!J11-SUM(J13:J15))),0) | K16: =IF(AND('Zaman'!K9>4,'Zaman'!K9-4<=5),MIN(INDEX('Vergi'!$F$10:$AR$10,MATCH(4,'Zaman'!$F$9:$AR$9,0))-SUM(F16:J16),MAX(0,'Vergi'!K11-SUM(K13:K15))),0) | L16: =IF(AND('Zaman'!L9>4,'Zaman'!L9-4<=5),MIN(INDEX('Vergi'!$F$10:$AR$10,MATCH(4,'Zaman'!$F$9:$AR$9,0))-SUM(F16:K16),MAX(0,'Vergi'!L11-SUM(L13:L15))),0) | M16: =IF(AND('Zaman'!M9>4,'Zaman'!M9-4<=5),MIN(INDEX('Vergi'!$F$10:$AR$10,MATCH(4,'Zaman'!$F$9:$AR$9,0))-SUM(F16:L16),MAX(0,'Vergi'!M11-SUM(M13:M15))),0) | N16: =IF(AND('Zaman'!N9>4,'Zaman'!N9-4<=5),MIN(INDEX('Vergi'!$F$10:$AR$10,MATCH(4,'Zaman'!$F$9:$AR$9,0))-SUM(F16:M16),MAX(0,'Vergi'!N11-SUM(N13:N15))),0) | O16: =IF(AND('Zaman'!O9>4,'Zaman'!O9-4<=5),MIN(INDEX('Vergi'!$F$10:$AR$10,MATCH(4,'Zaman'!$F$9:$AR$9,0))-SUM(F16:N16),MAX(0,'Vergi'!O11-SUM(O13:O15))),0) | P16: =IF(AND('Zaman'!P9>4,'Zaman'!P9-4<=5),MIN(INDEX('Vergi'!$F$10:$AR$10,MATCH(4,'Zaman'!$F$9:$AR$9,0))-SUM(F16:O16),MAX(0,'Vergi'!P11-SUM(P13:P15))),0) | Q16: =IF(AND('Zaman'!Q9>4,'Zaman'!Q9-4<=5),MIN(INDEX('Vergi'!$F$10:$AR$10,MATCH(4,'Zaman'!$F$9:$AR$9,0))-SUM(F16:P16),MAX(0,'Vergi'!Q11-SUM(Q13:Q15))),0) | R16: =IF(AND('Zaman'!R9>4,'Zaman'!R9-4<=5),MIN(INDEX('Vergi'!$F$10:$AR$10,MATCH(4,'Zaman'!$F$9:$AR$9,0))-SUM(F16:Q16),MAX(0,'Vergi'!R11-SUM(R13:R15))),0) | S16: =IF(AND('Zaman'!S9>4,'Zaman'!S9-4<=5),MIN(INDEX('Vergi'!$F$10:$AR$10,MATCH(4,'Zaman'!$F$9:$AR$9,0))-SUM(F16:R16),MAX(0,'Vergi'!S11-SUM(S13:S15))),0) | T16: =IF(AND('Zaman'!T9>4,'Zaman'!T9-4<=5),MIN(INDEX('Vergi'!$F$10:$AR$10,MATCH(4,'Zaman'!$F$9:$AR$9,0))-SUM(F16:S16),MAX(0,'Vergi'!T11-SUM(T13:T15))),0) | U16: =IF(AND('Zaman'!U9>4,'Zaman'!U9-4<=5),MIN(INDEX('Vergi'!$F$10:$AR$10,MATCH(4,'Zaman'!$F$9:$AR$9,0))-SUM(F16:T16),MAX(0,'Vergi'!U11-SUM(U13:U15))),0) | V16: =IF(AND('Zaman'!V9>4,'Zaman'!V9-4<=5),MIN(INDEX('Vergi'!$F$10:$AR$10,MATCH(4,'Zaman'!$F$9:$AR$9,0))-SUM(F16:U16),MAX(0,'Vergi'!V11-SUM(V13:V15))),0) | W16: =IF(AND('Zaman'!W9>4,'Zaman'!W9-4<=5),MIN(INDEX('Vergi'!$F$10:$AR$10,MATCH(4,'Zaman'!$F$9:$AR$9,0))-SUM(F16:V16),MAX(0,'Vergi'!W11-SUM(W13:W15))),0) | X16: =IF(AND('Zaman'!X9>4,'Zaman'!X9-4<=5),MIN(INDEX('Vergi'!$F$10:$AR$10,MATCH(4,'Zaman'!$F$9:$AR$9,0))-SUM(F16:W16),MAX(0,'Vergi'!X11-SUM(X13:X15))),0) | Y16: =IF(AND('Zaman'!Y9>4,'Zaman'!Y9-4<=5),MIN(INDEX('Vergi'!$F$10:$AR$10,MATCH(4,'Zaman'!$F$9:$AR$9,0))-SUM(F16:X16),MAX(0,'Vergi'!Y11-SUM(Y13:Y15))),0) | Z16: =IF(AND('Zaman'!Z9>4,'Zaman'!Z9-4<=5),MIN(INDEX('Vergi'!$F$10:$AR$10,MATCH(4,'Zaman'!$F$9:$AR$9,0))-SUM(F16:Y16),MAX(0,'Vergi'!Z11-SUM(Z13:Z15))),0) | AA16: =IF(AND('Zaman'!AA9>4,'Zaman'!AA9-4<=5),MIN(INDEX('Vergi'!$F$10:$AR$10,MATCH(4,'Zaman'!$F$9:$AR$9,0))-SUM(F16:Z16),MAX(0,'Vergi'!AA11-SUM(AA13:AA15))),0) | AB16: =IF(AND('Zaman'!AB9>4,'Zaman'!AB9-4<=5),MIN(INDEX('Vergi'!$F$10:$AR$10,MATCH(4,'Zaman'!$F$9:$AR$9,0))-SUM(F16:AA16),MAX(0,'Vergi'!AB11-SUM(AB13:AB15))),0) | AC16: =IF(AND('Zaman'!AC9>4,'Zaman'!AC9-4<=5),MIN(INDEX('Vergi'!$F$10:$AR$10,MATCH(4,'Zaman'!$F$9:$AR$9,0))-SUM(F16:AB16),MAX(0,'Vergi'!AC11-SUM(AC13:AC15))),0) | AD16: =IF(AND('Zaman'!AD9>4,'Zaman'!AD9-4<=5),MIN(INDEX('Vergi'!$F$10:$AR$10,MATCH(4,'Zaman'!$F$9:$AR$9,0))-SUM(F16:AC16),MAX(0,'Vergi'!AD11-SUM(AD13:AD15))),0) | AE16: =IF(AND('Zaman'!AE9>4,'Zaman'!AE9-4<=5),MIN(INDEX('Vergi'!$F$10:$AR$10,MATCH(4,'Zaman'!$F$9:$AR$9,0))-SUM(F16:AD16),MAX(0,'Vergi'!AE11-SUM(AE13:AE15))),0) | AF16: =IF(AND('Zaman'!AF9>4,'Zaman'!AF9-4<=5),MIN(INDEX('Vergi'!$F$10:$AR$10,MATCH(4,'Zaman'!$F$9:$AR$9,0))-SUM(F16:AE16),MAX(0,'Vergi'!AF11-SUM(AF13:AF15))),0) | AG16: =IF(AND('Zaman'!AG9>4,'Zaman'!AG9-4<=5),MIN(INDEX('Vergi'!$F$10:$AR$10,MATCH(4,'Zaman'!$F$9:$AR$9,0))-SUM(F16:AF16),MAX(0,'Vergi'!AG11-SUM(AG13:AG15))),0) | AH16: =IF(AND('Zaman'!AH9>4,'Zaman'!AH9-4<=5),MIN(INDEX('Vergi'!$F$10:$AR$10,MATCH(4,'Zaman'!$F$9:$AR$9,0))-SUM(F16:AG16),MAX(0,'Vergi'!AH11-SUM(AH13:AH15))),0) | AI16: =IF(AND('Zaman'!AI9>4,'Zaman'!AI9-4<=5),MIN(INDEX('Vergi'!$F$10:$AR$10,MATCH(4,'Zaman'!$F$9:$AR$9,0))-SUM(F16:AH16),MAX(0,'Vergi'!AI11-SUM(AI13:AI15))),0) | AJ16: =IF(AND('Zaman'!AJ9>4,'Zaman'!AJ9-4<=5),MIN(INDEX('Vergi'!$F$10:$AR$10,MATCH(4,'Zaman'!$F$9:$AR$9,0))-SUM(F16:AI16),MAX(0,'Vergi'!AJ11-SUM(AJ13:AJ15))),0) | AK16: =IF(AND('Zaman'!AK9>4,'Zaman'!AK9-4<=5),MIN(INDEX('Vergi'!$F$10:$AR$10,MATCH(4,'Zaman'!$F$9:$AR$9,0))-SUM(F16:AJ16),MAX(0,'Vergi'!AK11-SUM(AK13:AK15))),0) | AL16: =IF(AND('Zaman'!AL9>4,'Zaman'!AL9-4<=5),MIN(INDEX('Vergi'!$F$10:$AR$10,MATCH(4,'Zaman'!$F$9:$AR$9,0))-SUM(F16:AK16),MAX(0,'Vergi'!AL11-SUM(AL13:AL15))),0) | AM16: =IF(AND('Zaman'!AM9>4,'Zaman'!AM9-4<=5),MIN(INDEX('Vergi'!$F$10:$AR$10,MATCH(4,'Zaman'!$F$9:$AR$9,0))-SUM(F16:AL16),MAX(0,'Vergi'!AM11-SUM(AM13:AM15))),0) | AN16: =IF(AND('Zaman'!AN9>4,'Zaman'!AN9-4<=5),MIN(INDEX('Vergi'!$F$10:$AR$10,MATCH(4,'Zaman'!$F$9:$AR$9,0))-SUM(F16:AM16),MAX(0,'Vergi'!AN11-SUM(AN13:AN15))),0) | AO16: =IF(AND('Zaman'!AO9>4,'Zaman'!AO9-4<=5),MIN(INDEX('Vergi'!$F$10:$AR$10,MATCH(4,'Zaman'!$F$9:$AR$9,0))-SUM(F16:AN16),MAX(0,'Vergi'!AO11-SUM(AO13:AO15))),0) | AP16: =IF(AND('Zaman'!AP9>4,'Zaman'!AP9-4<=5),MIN(INDEX('Vergi'!$F$10:$AR$10,MATCH(4,'Zaman'!$F$9:$AR$9,0))-SUM(F16:AO16),MAX(0,'Vergi'!AP11-SUM(AP13:AP15))),0) | AQ16: =IF(AND('Zaman'!AQ9>4,'Zaman'!AQ9-4<=5),MIN(INDEX('Vergi'!$F$10:$AR$10,MATCH(4,'Zaman'!$F$9:$AR$9,0))-SUM(F16:AP16),MAX(0,'Vergi'!AQ11-SUM(AQ13:AQ15))),0) | AR16: =IF(AND('Zaman'!AR9>4,'Zaman'!AR9-4<=5),MIN(INDEX('Vergi'!$F$10:$AR$10,MATCH(4,'Zaman'!$F$9:$AR$9,0))-SUM(F16:AQ16),MAX(0,'Vergi'!AR11-SUM(AR13:AR15))),0)
A17: Zarar yılı 5 — kullanım | B17: USD | F17: =IF(AND('Zaman'!F9>5,'Zaman'!F9-5<=5),MIN(INDEX('Vergi'!$F$10:$AR$10,MATCH(5,'Zaman'!$F$9:$AR$9,0))-0,MAX(0,'Vergi'!F11-SUM(F13:F16))),0) | G17: =IF(AND('Zaman'!G9>5,'Zaman'!G9-5<=5),MIN(INDEX('Vergi'!$F$10:$AR$10,MATCH(5,'Zaman'!$F$9:$AR$9,0))-SUM(F17:F17),MAX(0,'Vergi'!G11-SUM(G13:G16))),0) | H17: =IF(AND('Zaman'!H9>5,'Zaman'!H9-5<=5),MIN(INDEX('Vergi'!$F$10:$AR$10,MATCH(5,'Zaman'!$F$9:$AR$9,0))-SUM(F17:G17),MAX(0,'Vergi'!H11-SUM(H13:H16))),0) | I17: =IF(AND('Zaman'!I9>5,'Zaman'!I9-5<=5),MIN(INDEX('Vergi'!$F$10:$AR$10,MATCH(5,'Zaman'!$F$9:$AR$9,0))-SUM(F17:H17),MAX(0,'Vergi'!I11-SUM(I13:I16))),0) | J17: =IF(AND('Zaman'!J9>5,'Zaman'!J9-5<=5),MIN(INDEX('Vergi'!$F$10:$AR$10,MATCH(5,'Zaman'!$F$9:$AR$9,0))-SUM(F17:I17),MAX(0,'Vergi'!J11-SUM(J13:J16))),0) | K17: =IF(AND('Zaman'!K9>5,'Zaman'!K9-5<=5),MIN(INDEX('Vergi'!$F$10:$AR$10,MATCH(5,'Zaman'!$F$9:$AR$9,0))-SUM(F17:J17),MAX(0,'Vergi'!K11-SUM(K13:K16))),0) | L17: =IF(AND('Zaman'!L9>5,'Zaman'!L9-5<=5),MIN(INDEX('Vergi'!$F$10:$AR$10,MATCH(5,'Zaman'!$F$9:$AR$9,0))-SUM(F17:K17),MAX(0,'Vergi'!L11-SUM(L13:L16))),0) | M17: =IF(AND('Zaman'!M9>5,'Zaman'!M9-5<=5),MIN(INDEX('Vergi'!$F$10:$AR$10,MATCH(5,'Zaman'!$F$9:$AR$9,0))-SUM(F17:L17),MAX(0,'Vergi'!M11-SUM(M13:M16))),0) | N17: =IF(AND('Zaman'!N9>5,'Zaman'!N9-5<=5),MIN(INDEX('Vergi'!$F$10:$AR$10,MATCH(5,'Zaman'!$F$9:$AR$9,0))-SUM(F17:M17),MAX(0,'Vergi'!N11-SUM(N13:N16))),0) | O17: =IF(AND('Zaman'!O9>5,'Zaman'!O9-5<=5),MIN(INDEX('Vergi'!$F$10:$AR$10,MATCH(5,'Zaman'!$F$9:$AR$9,0))-SUM(F17:N17),MAX(0,'Vergi'!O11-SUM(O13:O16))),0) | P17: =IF(AND('Zaman'!P9>5,'Zaman'!P9-5<=5),MIN(INDEX('Vergi'!$F$10:$AR$10,MATCH(5,'Zaman'!$F$9:$AR$9,0))-SUM(F17:O17),MAX(0,'Vergi'!P11-SUM(P13:P16))),0) | Q17: =IF(AND('Zaman'!Q9>5,'Zaman'!Q9-5<=5),MIN(INDEX('Vergi'!$F$10:$AR$10,MATCH(5,'Zaman'!$F$9:$AR$9,0))-SUM(F17:P17),MAX(0,'Vergi'!Q11-SUM(Q13:Q16))),0) | R17: =IF(AND('Zaman'!R9>5,'Zaman'!R9-5<=5),MIN(INDEX('Vergi'!$F$10:$AR$10,MATCH(5,'Zaman'!$F$9:$AR$9,0))-SUM(F17:Q17),MAX(0,'Vergi'!R11-SUM(R13:R16))),0) | S17: =IF(AND('Zaman'!S9>5,'Zaman'!S9-5<=5),MIN(INDEX('Vergi'!$F$10:$AR$10,MATCH(5,'Zaman'!$F$9:$AR$9,0))-SUM(F17:R17),MAX(0,'Vergi'!S11-SUM(S13:S16))),0) | T17: =IF(AND('Zaman'!T9>5,'Zaman'!T9-5<=5),MIN(INDEX('Vergi'!$F$10:$AR$10,MATCH(5,'Zaman'!$F$9:$AR$9,0))-SUM(F17:S17),MAX(0,'Vergi'!T11-SUM(T13:T16))),0) | U17: =IF(AND('Zaman'!U9>5,'Zaman'!U9-5<=5),MIN(INDEX('Vergi'!$F$10:$AR$10,MATCH(5,'Zaman'!$F$9:$AR$9,0))-SUM(F17:T17),MAX(0,'Vergi'!U11-SUM(U13:U16))),0) | V17: =IF(AND('Zaman'!V9>5,'Zaman'!V9-5<=5),MIN(INDEX('Vergi'!$F$10:$AR$10,MATCH(5,'Zaman'!$F$9:$AR$9,0))-SUM(F17:U17),MAX(0,'Vergi'!V11-SUM(V13:V16))),0) | W17: =IF(AND('Zaman'!W9>5,'Zaman'!W9-5<=5),MIN(INDEX('Vergi'!$F$10:$AR$10,MATCH(5,'Zaman'!$F$9:$AR$9,0))-SUM(F17:V17),MAX(0,'Vergi'!W11-SUM(W13:W16))),0) | X17: =IF(AND('Zaman'!X9>5,'Zaman'!X9-5<=5),MIN(INDEX('Vergi'!$F$10:$AR$10,MATCH(5,'Zaman'!$F$9:$AR$9,0))-SUM(F17:W17),MAX(0,'Vergi'!X11-SUM(X13:X16))),0) | Y17: =IF(AND('Zaman'!Y9>5,'Zaman'!Y9-5<=5),MIN(INDEX('Vergi'!$F$10:$AR$10,MATCH(5,'Zaman'!$F$9:$AR$9,0))-SUM(F17:X17),MAX(0,'Vergi'!Y11-SUM(Y13:Y16))),0) | Z17: =IF(AND('Zaman'!Z9>5,'Zaman'!Z9-5<=5),MIN(INDEX('Vergi'!$F$10:$AR$10,MATCH(5,'Zaman'!$F$9:$AR$9,0))-SUM(F17:Y17),MAX(0,'Vergi'!Z11-SUM(Z13:Z16))),0) | AA17: =IF(AND('Zaman'!AA9>5,'Zaman'!AA9-5<=5),MIN(INDEX('Vergi'!$F$10:$AR$10,MATCH(5,'Zaman'!$F$9:$AR$9,0))-SUM(F17:Z17),MAX(0,'Vergi'!AA11-SUM(AA13:AA16))),0) | AB17: =IF(AND('Zaman'!AB9>5,'Zaman'!AB9-5<=5),MIN(INDEX('Vergi'!$F$10:$AR$10,MATCH(5,'Zaman'!$F$9:$AR$9,0))-SUM(F17:AA17),MAX(0,'Vergi'!AB11-SUM(AB13:AB16))),0) | AC17: =IF(AND('Zaman'!AC9>5,'Zaman'!AC9-5<=5),MIN(INDEX('Vergi'!$F$10:$AR$10,MATCH(5,'Zaman'!$F$9:$AR$9,0))-SUM(F17:AB17),MAX(0,'Vergi'!AC11-SUM(AC13:AC16))),0) | AD17: =IF(AND('Zaman'!AD9>5,'Zaman'!AD9-5<=5),MIN(INDEX('Vergi'!$F$10:$AR$10,MATCH(5,'Zaman'!$F$9:$AR$9,0))-SUM(F17:AC17),MAX(0,'Vergi'!AD11-SUM(AD13:AD16))),0) | AE17: =IF(AND('Zaman'!AE9>5,'Zaman'!AE9-5<=5),MIN(INDEX('Vergi'!$F$10:$AR$10,MATCH(5,'Zaman'!$F$9:$AR$9,0))-SUM(F17:AD17),MAX(0,'Vergi'!AE11-SUM(AE13:AE16))),0) | AF17: =IF(AND('Zaman'!AF9>5,'Zaman'!AF9-5<=5),MIN(INDEX('Vergi'!$F$10:$AR$10,MATCH(5,'Zaman'!$F$9:$AR$9,0))-SUM(F17:AE17),MAX(0,'Vergi'!AF11-SUM(AF13:AF16))),0) | AG17: =IF(AND('Zaman'!AG9>5,'Zaman'!AG9-5<=5),MIN(INDEX('Vergi'!$F$10:$AR$10,MATCH(5,'Zaman'!$F$9:$AR$9,0))-SUM(F17:AF17),MAX(0,'Vergi'!AG11-SUM(AG13:AG16))),0) | AH17: =IF(AND('Zaman'!AH9>5,'Zaman'!AH9-5<=5),MIN(INDEX('Vergi'!$F$10:$AR$10,MATCH(5,'Zaman'!$F$9:$AR$9,0))-SUM(F17:AG17),MAX(0,'Vergi'!AH11-SUM(AH13:AH16))),0) | AI17: =IF(AND('Zaman'!AI9>5,'Zaman'!AI9-5<=5),MIN(INDEX('Vergi'!$F$10:$AR$10,MATCH(5,'Zaman'!$F$9:$AR$9,0))-SUM(F17:AH17),MAX(0,'Vergi'!AI11-SUM(AI13:AI16))),0) | AJ17: =IF(AND('Zaman'!AJ9>5,'Zaman'!AJ9-5<=5),MIN(INDEX('Vergi'!$F$10:$AR$10,MATCH(5,'Zaman'!$F$9:$AR$9,0))-SUM(F17:AI17),MAX(0,'Vergi'!AJ11-SUM(AJ13:AJ16))),0) | AK17: =IF(AND('Zaman'!AK9>5,'Zaman'!AK9-5<=5),MIN(INDEX('Vergi'!$F$10:$AR$10,MATCH(5,'Zaman'!$F$9:$AR$9,0))-SUM(F17:AJ17),MAX(0,'Vergi'!AK11-SUM(AK13:AK16))),0) | AL17: =IF(AND('Zaman'!AL9>5,'Zaman'!AL9-5<=5),MIN(INDEX('Vergi'!$F$10:$AR$10,MATCH(5,'Zaman'!$F$9:$AR$9,0))-SUM(F17:AK17),MAX(0,'Vergi'!AL11-SUM(AL13:AL16))),0) | AM17: =IF(AND('Zaman'!AM9>5,'Zaman'!AM9-5<=5),MIN(INDEX('Vergi'!$F$10:$AR$10,MATCH(5,'Zaman'!$F$9:$AR$9,0))-SUM(F17:AL17),MAX(0,'Vergi'!AM11-SUM(AM13:AM16))),0) | AN17: =IF(AND('Zaman'!AN9>5,'Zaman'!AN9-5<=5),MIN(INDEX('Vergi'!$F$10:$AR$10,MATCH(5,'Zaman'!$F$9:$AR$9,0))-SUM(F17:AM17),MAX(0,'Vergi'!AN11-SUM(AN13:AN16))),0) | AO17: =IF(AND('Zaman'!AO9>5,'Zaman'!AO9-5<=5),MIN(INDEX('Vergi'!$F$10:$AR$10,MATCH(5,'Zaman'!$F$9:$AR$9,0))-SUM(F17:AN17),MAX(0,'Vergi'!AO11-SUM(AO13:AO16))),0) | AP17: =IF(AND('Zaman'!AP9>5,'Zaman'!AP9-5<=5),MIN(INDEX('Vergi'!$F$10:$AR$10,MATCH(5,'Zaman'!$F$9:$AR$9,0))-SUM(F17:AO17),MAX(0,'Vergi'!AP11-SUM(AP13:AP16))),0) | AQ17: =IF(AND('Zaman'!AQ9>5,'Zaman'!AQ9-5<=5),MIN(INDEX('Vergi'!$F$10:$AR$10,MATCH(5,'Zaman'!$F$9:$AR$9,0))-SUM(F17:AP17),MAX(0,'Vergi'!AQ11-SUM(AQ13:AQ16))),0) | AR17: =IF(AND('Zaman'!AR9>5,'Zaman'!AR9-5<=5),MIN(INDEX('Vergi'!$F$10:$AR$10,MATCH(5,'Zaman'!$F$9:$AR$9,0))-SUM(F17:AQ17),MAX(0,'Vergi'!AR11-SUM(AR13:AR16))),0)
A18: Zarar yılı 6 — kullanım | B18: USD | F18: =IF(AND('Zaman'!F9>6,'Zaman'!F9-6<=5),MIN(INDEX('Vergi'!$F$10:$AR$10,MATCH(6,'Zaman'!$F$9:$AR$9,0))-0,MAX(0,'Vergi'!F11-SUM(F13:F17))),0) | G18: =IF(AND('Zaman'!G9>6,'Zaman'!G9-6<=5),MIN(INDEX('Vergi'!$F$10:$AR$10,MATCH(6,'Zaman'!$F$9:$AR$9,0))-SUM(F18:F18),MAX(0,'Vergi'!G11-SUM(G13:G17))),0) | H18: =IF(AND('Zaman'!H9>6,'Zaman'!H9-6<=5),MIN(INDEX('Vergi'!$F$10:$AR$10,MATCH(6,'Zaman'!$F$9:$AR$9,0))-SUM(F18:G18),MAX(0,'Vergi'!H11-SUM(H13:H17))),0) | I18: =IF(AND('Zaman'!I9>6,'Zaman'!I9-6<=5),MIN(INDEX('Vergi'!$F$10:$AR$10,MATCH(6,'Zaman'!$F$9:$AR$9,0))-SUM(F18:H18),MAX(0,'Vergi'!I11-SUM(I13:I17))),0) | J18: =IF(AND('Zaman'!J9>6,'Zaman'!J9-6<=5),MIN(INDEX('Vergi'!$F$10:$AR$10,MATCH(6,'Zaman'!$F$9:$AR$9,0))-SUM(F18:I18),MAX(0,'Vergi'!J11-SUM(J13:J17))),0) | K18: =IF(AND('Zaman'!K9>6,'Zaman'!K9-6<=5),MIN(INDEX('Vergi'!$F$10:$AR$10,MATCH(6,'Zaman'!$F$9:$AR$9,0))-SUM(F18:J18),MAX(0,'Vergi'!K11-SUM(K13:K17))),0) | L18: =IF(AND('Zaman'!L9>6,'Zaman'!L9-6<=5),MIN(INDEX('Vergi'!$F$10:$AR$10,MATCH(6,'Zaman'!$F$9:$AR$9,0))-SUM(F18:K18),MAX(0,'Vergi'!L11-SUM(L13:L17))),0) | M18: =IF(AND('Zaman'!M9>6,'Zaman'!M9-6<=5),MIN(INDEX('Vergi'!$F$10:$AR$10,MATCH(6,'Zaman'!$F$9:$AR$9,0))-SUM(F18:L18),MAX(0,'Vergi'!M11-SUM(M13:M17))),0) | N18: =IF(AND('Zaman'!N9>6,'Zaman'!N9-6<=5),MIN(INDEX('Vergi'!$F$10:$AR$10,MATCH(6,'Zaman'!$F$9:$AR$9,0))-SUM(F18:M18),MAX(0,'Vergi'!N11-SUM(N13:N17))),0) | O18: =IF(AND('Zaman'!O9>6,'Zaman'!O9-6<=5),MIN(INDEX('Vergi'!$F$10:$AR$10,MATCH(6,'Zaman'!$F$9:$AR$9,0))-SUM(F18:N18),MAX(0,'Vergi'!O11-SUM(O13:O17))),0) | P18: =IF(AND('Zaman'!P9>6,'Zaman'!P9-6<=5),MIN(INDEX('Vergi'!$F$10:$AR$10,MATCH(6,'Zaman'!$F$9:$AR$9,0))-SUM(F18:O18),MAX(0,'Vergi'!P11-SUM(P13:P17))),0) | Q18: =IF(AND('Zaman'!Q9>6,'Zaman'!Q9-6<=5),MIN(INDEX('Vergi'!$F$10:$AR$10,MATCH(6,'Zaman'!$F$9:$AR$9,0))-SUM(F18:P18),MAX(0,'Vergi'!Q11-SUM(Q13:Q17))),0) | R18: =IF(AND('Zaman'!R9>6,'Zaman'!R9-6<=5),MIN(INDEX('Vergi'!$F$10:$AR$10,MATCH(6,'Zaman'!$F$9:$AR$9,0))-SUM(F18:Q18),MAX(0,'Vergi'!R11-SUM(R13:R17))),0) | S18: =IF(AND('Zaman'!S9>6,'Zaman'!S9-6<=5),MIN(INDEX('Vergi'!$F$10:$AR$10,MATCH(6,'Zaman'!$F$9:$AR$9,0))-SUM(F18:R18),MAX(0,'Vergi'!S11-SUM(S13:S17))),0) | T18: =IF(AND('Zaman'!T9>6,'Zaman'!T9-6<=5),MIN(INDEX('Vergi'!$F$10:$AR$10,MATCH(6,'Zaman'!$F$9:$AR$9,0))-SUM(F18:S18),MAX(0,'Vergi'!T11-SUM(T13:T17))),0) | U18: =IF(AND('Zaman'!U9>6,'Zaman'!U9-6<=5),MIN(INDEX('Vergi'!$F$10:$AR$10,MATCH(6,'Zaman'!$F$9:$AR$9,0))-SUM(F18:T18),MAX(0,'Vergi'!U11-SUM(U13:U17))),0) | V18: =IF(AND('Zaman'!V9>6,'Zaman'!V9-6<=5),MIN(INDEX('Vergi'!$F$10:$AR$10,MATCH(6,'Zaman'!$F$9:$AR$9,0))-SUM(F18:U18),MAX(0,'Vergi'!V11-SUM(V13:V17))),0) | W18: =IF(AND('Zaman'!W9>6,'Zaman'!W9-6<=5),MIN(INDEX('Vergi'!$F$10:$AR$10,MATCH(6,'Zaman'!$F$9:$AR$9,0))-SUM(F18:V18),MAX(0,'Vergi'!W11-SUM(W13:W17))),0) | X18: =IF(AND('Zaman'!X9>6,'Zaman'!X9-6<=5),MIN(INDEX('Vergi'!$F$10:$AR$10,MATCH(6,'Zaman'!$F$9:$AR$9,0))-SUM(F18:W18),MAX(0,'Vergi'!X11-SUM(X13:X17))),0) | Y18: =IF(AND('Zaman'!Y9>6,'Zaman'!Y9-6<=5),MIN(INDEX('Vergi'!$F$10:$AR$10,MATCH(6,'Zaman'!$F$9:$AR$9,0))-SUM(F18:X18),MAX(0,'Vergi'!Y11-SUM(Y13:Y17))),0) | Z18: =IF(AND('Zaman'!Z9>6,'Zaman'!Z9-6<=5),MIN(INDEX('Vergi'!$F$10:$AR$10,MATCH(6,'Zaman'!$F$9:$AR$9,0))-SUM(F18:Y18),MAX(0,'Vergi'!Z11-SUM(Z13:Z17))),0) | AA18: =IF(AND('Zaman'!AA9>6,'Zaman'!AA9-6<=5),MIN(INDEX('Vergi'!$F$10:$AR$10,MATCH(6,'Zaman'!$F$9:$AR$9,0))-SUM(F18:Z18),MAX(0,'Vergi'!AA11-SUM(AA13:AA17))),0) | AB18: =IF(AND('Zaman'!AB9>6,'Zaman'!AB9-6<=5),MIN(INDEX('Vergi'!$F$10:$AR$10,MATCH(6,'Zaman'!$F$9:$AR$9,0))-SUM(F18:AA18),MAX(0,'Vergi'!AB11-SUM(AB13:AB17))),0) | AC18: =IF(AND('Zaman'!AC9>6,'Zaman'!AC9-6<=5),MIN(INDEX('Vergi'!$F$10:$AR$10,MATCH(6,'Zaman'!$F$9:$AR$9,0))-SUM(F18:AB18),MAX(0,'Vergi'!AC11-SUM(AC13:AC17))),0) | AD18: =IF(AND('Zaman'!AD9>6,'Zaman'!AD9-6<=5),MIN(INDEX('Vergi'!$F$10:$AR$10,MATCH(6,'Zaman'!$F$9:$AR$9,0))-SUM(F18:AC18),MAX(0,'Vergi'!AD11-SUM(AD13:AD17))),0) | AE18: =IF(AND('Zaman'!AE9>6,'Zaman'!AE9-6<=5),MIN(INDEX('Vergi'!$F$10:$AR$10,MATCH(6,'Zaman'!$F$9:$AR$9,0))-SUM(F18:AD18),MAX(0,'Vergi'!AE11-SUM(AE13:AE17))),0) | AF18: =IF(AND('Zaman'!AF9>6,'Zaman'!AF9-6<=5),MIN(INDEX('Vergi'!$F$10:$AR$10,MATCH(6,'Zaman'!$F$9:$AR$9,0))-SUM(F18:AE18),MAX(0,'Vergi'!AF11-SUM(AF13:AF17))),0) | AG18: =IF(AND('Zaman'!AG9>6,'Zaman'!AG9-6<=5),MIN(INDEX('Vergi'!$F$10:$AR$10,MATCH(6,'Zaman'!$F$9:$AR$9,0))-SUM(F18:AF18),MAX(0,'Vergi'!AG11-SUM(AG13:AG17))),0) | AH18: =IF(AND('Zaman'!AH9>6,'Zaman'!AH9-6<=5),MIN(INDEX('Vergi'!$F$10:$AR$10,MATCH(6,'Zaman'!$F$9:$AR$9,0))-SUM(F18:AG18),MAX(0,'Vergi'!AH11-SUM(AH13:AH17))),0) | AI18: =IF(AND('Zaman'!AI9>6,'Zaman'!AI9-6<=5),MIN(INDEX('Vergi'!$F$10:$AR$10,MATCH(6,'Zaman'!$F$9:$AR$9,0))-SUM(F18:AH18),MAX(0,'Vergi'!AI11-SUM(AI13:AI17))),0) | AJ18: =IF(AND('Zaman'!AJ9>6,'Zaman'!AJ9-6<=5),MIN(INDEX('Vergi'!$F$10:$AR$10,MATCH(6,'Zaman'!$F$9:$AR$9,0))-SUM(F18:AI18),MAX(0,'Vergi'!AJ11-SUM(AJ13:AJ17))),0) | AK18: =IF(AND('Zaman'!AK9>6,'Zaman'!AK9-6<=5),MIN(INDEX('Vergi'!$F$10:$AR$10,MATCH(6,'Zaman'!$F$9:$AR$9,0))-SUM(F18:AJ18),MAX(0,'Vergi'!AK11-SUM(AK13:AK17))),0) | AL18: =IF(AND('Zaman'!AL9>6,'Zaman'!AL9-6<=5),MIN(INDEX('Vergi'!$F$10:$AR$10,MATCH(6,'Zaman'!$F$9:$AR$9,0))-SUM(F18:AK18),MAX(0,'Vergi'!AL11-SUM(AL13:AL17))),0) | AM18: =IF(AND('Zaman'!AM9>6,'Zaman'!AM9-6<=5),MIN(INDEX('Vergi'!$F$10:$AR$10,MATCH(6,'Zaman'!$F$9:$AR$9,0))-SUM(F18:AL18),MAX(0,'Vergi'!AM11-SUM(AM13:AM17))),0) | AN18: =IF(AND('Zaman'!AN9>6,'Zaman'!AN9-6<=5),MIN(INDEX('Vergi'!$F$10:$AR$10,MATCH(6,'Zaman'!$F$9:$AR$9,0))-SUM(F18:AM18),MAX(0,'Vergi'!AN11-SUM(AN13:AN17))),0) | AO18: =IF(AND('Zaman'!AO9>6,'Zaman'!AO9-6<=5),MIN(INDEX('Vergi'!$F$10:$AR$10,MATCH(6,'Zaman'!$F$9:$AR$9,0))-SUM(F18:AN18),MAX(0,'Vergi'!AO11-SUM(AO13:AO17))),0) | AP18: =IF(AND('Zaman'!AP9>6,'Zaman'!AP9-6<=5),MIN(INDEX('Vergi'!$F$10:$AR$10,MATCH(6,'Zaman'!$F$9:$AR$9,0))-SUM(F18:AO18),MAX(0,'Vergi'!AP11-SUM(AP13:AP17))),0) | AQ18: =IF(AND('Zaman'!AQ9>6,'Zaman'!AQ9-6<=5),MIN(INDEX('Vergi'!$F$10:$AR$10,MATCH(6,'Zaman'!$F$9:$AR$9,0))-SUM(F18:AP18),MAX(0,'Vergi'!AQ11-SUM(AQ13:AQ17))),0) | AR18: =IF(AND('Zaman'!AR9>6,'Zaman'!AR9-6<=5),MIN(INDEX('Vergi'!$F$10:$AR$10,MATCH(6,'Zaman'!$F$9:$AR$9,0))-SUM(F18:AQ18),MAX(0,'Vergi'!AR11-SUM(AR13:AR17))),0)
A19: Zarar yılı 7 — kullanım | B19: USD | F19: =IF(AND('Zaman'!F9>7,'Zaman'!F9-7<=5),MIN(INDEX('Vergi'!$F$10:$AR$10,MATCH(7,'Zaman'!$F$9:$AR$9,0))-0,MAX(0,'Vergi'!F11-SUM(F13:F18))),0) | G19: =IF(AND('Zaman'!G9>7,'Zaman'!G9-7<=5),MIN(INDEX('Vergi'!$F$10:$AR$10,MATCH(7,'Zaman'!$F$9:$AR$9,0))-SUM(F19:F19),MAX(0,'Vergi'!G11-SUM(G13:G18))),0) | H19: =IF(AND('Zaman'!H9>7,'Zaman'!H9-7<=5),MIN(INDEX('Vergi'!$F$10:$AR$10,MATCH(7,'Zaman'!$F$9:$AR$9,0))-SUM(F19:G19),MAX(0,'Vergi'!H11-SUM(H13:H18))),0) | I19: =IF(AND('Zaman'!I9>7,'Zaman'!I9-7<=5),MIN(INDEX('Vergi'!$F$10:$AR$10,MATCH(7,'Zaman'!$F$9:$AR$9,0))-SUM(F19:H19),MAX(0,'Vergi'!I11-SUM(I13:I18))),0) | J19: =IF(AND('Zaman'!J9>7,'Zaman'!J9-7<=5),MIN(INDEX('Vergi'!$F$10:$AR$10,MATCH(7,'Zaman'!$F$9:$AR$9,0))-SUM(F19:I19),MAX(0,'Vergi'!J11-SUM(J13:J18))),0) | K19: =IF(AND('Zaman'!K9>7,'Zaman'!K9-7<=5),MIN(INDEX('Vergi'!$F$10:$AR$10,MATCH(7,'Zaman'!$F$9:$AR$9,0))-SUM(F19:J19),MAX(0,'Vergi'!K11-SUM(K13:K18))),0) | L19: =IF(AND('Zaman'!L9>7,'Zaman'!L9-7<=5),MIN(INDEX('Vergi'!$F$10:$AR$10,MATCH(7,'Zaman'!$F$9:$AR$9,0))-SUM(F19:K19),MAX(0,'Vergi'!L11-SUM(L13:L18))),0) | M19: =IF(AND('Zaman'!M9>7,'Zaman'!M9-7<=5),MIN(INDEX('Vergi'!$F$10:$AR$10,MATCH(7,'Zaman'!$F$9:$AR$9,0))-SUM(F19:L19),MAX(0,'Vergi'!M11-SUM(M13:M18))),0) | N19: =IF(AND('Zaman'!N9>7,'Zaman'!N9-7<=5),MIN(INDEX('Vergi'!$F$10:$AR$10,MATCH(7,'Zaman'!$F$9:$AR$9,0))-SUM(F19:M19),MAX(0,'Vergi'!N11-SUM(N13:N18))),0) | O19: =IF(AND('Zaman'!O9>7,'Zaman'!O9-7<=5),MIN(INDEX('Vergi'!$F$10:$AR$10,MATCH(7,'Zaman'!$F$9:$AR$9,0))-SUM(F19:N19),MAX(0,'Vergi'!O11-SUM(O13:O18))),0) | P19: =IF(AND('Zaman'!P9>7,'Zaman'!P9-7<=5),MIN(INDEX('Vergi'!$F$10:$AR$10,MATCH(7,'Zaman'!$F$9:$AR$9,0))-SUM(F19:O19),MAX(0,'Vergi'!P11-SUM(P13:P18))),0) | Q19: =IF(AND('Zaman'!Q9>7,'Zaman'!Q9-7<=5),MIN(INDEX('Vergi'!$F$10:$AR$10,MATCH(7,'Zaman'!$F$9:$AR$9,0))-SUM(F19:P19),MAX(0,'Vergi'!Q11-SUM(Q13:Q18))),0) | R19: =IF(AND('Zaman'!R9>7,'Zaman'!R9-7<=5),MIN(INDEX('Vergi'!$F$10:$AR$10,MATCH(7,'Zaman'!$F$9:$AR$9,0))-SUM(F19:Q19),MAX(0,'Vergi'!R11-SUM(R13:R18))),0) | S19: =IF(AND('Zaman'!S9>7,'Zaman'!S9-7<=5),MIN(INDEX('Vergi'!$F$10:$AR$10,MATCH(7,'Zaman'!$F$9:$AR$9,0))-SUM(F19:R19),MAX(0,'Vergi'!S11-SUM(S13:S18))),0) | T19: =IF(AND('Zaman'!T9>7,'Zaman'!T9-7<=5),MIN(INDEX('Vergi'!$F$10:$AR$10,MATCH(7,'Zaman'!$F$9:$AR$9,0))-SUM(F19:S19),MAX(0,'Vergi'!T11-SUM(T13:T18))),0) | U19: =IF(AND('Zaman'!U9>7,'Zaman'!U9-7<=5),MIN(INDEX('Vergi'!$F$10:$AR$10,MATCH(7,'Zaman'!$F$9:$AR$9,0))-SUM(F19:T19),MAX(0,'Vergi'!U11-SUM(U13:U18))),0) | V19: =IF(AND('Zaman'!V9>7,'Zaman'!V9-7<=5),MIN(INDEX('Vergi'!$F$10:$AR$10,MATCH(7,'Zaman'!$F$9:$AR$9,0))-SUM(F19:U19),MAX(0,'Vergi'!V11-SUM(V13:V18))),0) | W19: =IF(AND('Zaman'!W9>7,'Zaman'!W9-7<=5),MIN(INDEX('Vergi'!$F$10:$AR$10,MATCH(7,'Zaman'!$F$9:$AR$9,0))-SUM(F19:V19),MAX(0,'Vergi'!W11-SUM(W13:W18))),0) | X19: =IF(AND('Zaman'!X9>7,'Zaman'!X9-7<=5),MIN(INDEX('Vergi'!$F$10:$AR$10,MATCH(7,'Zaman'!$F$9:$AR$9,0))-SUM(F19:W19),MAX(0,'Vergi'!X11-SUM(X13:X18))),0) | Y19: =IF(AND('Zaman'!Y9>7,'Zaman'!Y9-7<=5),MIN(INDEX('Vergi'!$F$10:$AR$10,MATCH(7,'Zaman'!$F$9:$AR$9,0))-SUM(F19:X19),MAX(0,'Vergi'!Y11-SUM(Y13:Y18))),0) | Z19: =IF(AND('Zaman'!Z9>7,'Zaman'!Z9-7<=5),MIN(INDEX('Vergi'!$F$10:$AR$10,MATCH(7,'Zaman'!$F$9:$AR$9,0))-SUM(F19:Y19),MAX(0,'Vergi'!Z11-SUM(Z13:Z18))),0) | AA19: =IF(AND('Zaman'!AA9>7,'Zaman'!AA9-7<=5),MIN(INDEX('Vergi'!$F$10:$AR$10,MATCH(7,'Zaman'!$F$9:$AR$9,0))-SUM(F19:Z19),MAX(0,'Vergi'!AA11-SUM(AA13:AA18))),0) | AB19: =IF(AND('Zaman'!AB9>7,'Zaman'!AB9-7<=5),MIN(INDEX('Vergi'!$F$10:$AR$10,MATCH(7,'Zaman'!$F$9:$AR$9,0))-SUM(F19:AA19),MAX(0,'Vergi'!AB11-SUM(AB13:AB18))),0) | AC19: =IF(AND('Zaman'!AC9>7,'Zaman'!AC9-7<=5),MIN(INDEX('Vergi'!$F$10:$AR$10,MATCH(7,'Zaman'!$F$9:$AR$9,0))-SUM(F19:AB19),MAX(0,'Vergi'!AC11-SUM(AC13:AC18))),0) | AD19: =IF(AND('Zaman'!AD9>7,'Zaman'!AD9-7<=5),MIN(INDEX('Vergi'!$F$10:$AR$10,MATCH(7,'Zaman'!$F$9:$AR$9,0))-SUM(F19:AC19),MAX(0,'Vergi'!AD11-SUM(AD13:AD18))),0) | AE19: =IF(AND('Zaman'!AE9>7,'Zaman'!AE9-7<=5),MIN(INDEX('Vergi'!$F$10:$AR$10,MATCH(7,'Zaman'!$F$9:$AR$9,0))-SUM(F19:AD19),MAX(0,'Vergi'!AE11-SUM(AE13:AE18))),0) | AF19: =IF(AND('Zaman'!AF9>7,'Zaman'!AF9-7<=5),MIN(INDEX('Vergi'!$F$10:$AR$10,MATCH(7,'Zaman'!$F$9:$AR$9,0))-SUM(F19:AE19),MAX(0,'Vergi'!AF11-SUM(AF13:AF18))),0) | AG19: =IF(AND('Zaman'!AG9>7,'Zaman'!AG9-7<=5),MIN(INDEX('Vergi'!$F$10:$AR$10,MATCH(7,'Zaman'!$F$9:$AR$9,0))-SUM(F19:AF19),MAX(0,'Vergi'!AG11-SUM(AG13:AG18))),0) | AH19: =IF(AND('Zaman'!AH9>7,'Zaman'!AH9-7<=5),MIN(INDEX('Vergi'!$F$10:$AR$10,MATCH(7,'Zaman'!$F$9:$AR$9,0))-SUM(F19:AG19),MAX(0,'Vergi'!AH11-SUM(AH13:AH18))),0) | AI19: =IF(AND('Zaman'!AI9>7,'Zaman'!AI9-7<=5),MIN(INDEX('Vergi'!$F$10:$AR$10,MATCH(7,'Zaman'!$F$9:$AR$9,0))-SUM(F19:AH19),MAX(0,'Vergi'!AI11-SUM(AI13:AI18))),0) | AJ19: =IF(AND('Zaman'!AJ9>7,'Zaman'!AJ9-7<=5),MIN(INDEX('Vergi'!$F$10:$AR$10,MATCH(7,'Zaman'!$F$9:$AR$9,0))-SUM(F19:AI19),MAX(0,'Vergi'!AJ11-SUM(AJ13:AJ18))),0) | AK19: =IF(AND('Zaman'!AK9>7,'Zaman'!AK9-7<=5),MIN(INDEX('Vergi'!$F$10:$AR$10,MATCH(7,'Zaman'!$F$9:$AR$9,0))-SUM(F19:AJ19),MAX(0,'Vergi'!AK11-SUM(AK13:AK18))),0) | AL19: =IF(AND('Zaman'!AL9>7,'Zaman'!AL9-7<=5),MIN(INDEX('Vergi'!$F$10:$AR$10,MATCH(7,'Zaman'!$F$9:$AR$9,0))-SUM(F19:AK19),MAX(0,'Vergi'!AL11-SUM(AL13:AL18))),0) | AM19: =IF(AND('Zaman'!AM9>7,'Zaman'!AM9-7<=5),MIN(INDEX('Vergi'!$F$10:$AR$10,MATCH(7,'Zaman'!$F$9:$AR$9,0))-SUM(F19:AL19),MAX(0,'Vergi'!AM11-SUM(AM13:AM18))),0) | AN19: =IF(AND('Zaman'!AN9>7,'Zaman'!AN9-7<=5),MIN(INDEX('Vergi'!$F$10:$AR$10,MATCH(7,'Zaman'!$F$9:$AR$9,0))-SUM(F19:AM19),MAX(0,'Vergi'!AN11-SUM(AN13:AN18))),0) | AO19: =IF(AND('Zaman'!AO9>7,'Zaman'!AO9-7<=5),MIN(INDEX('Vergi'!$F$10:$AR$10,MATCH(7,'Zaman'!$F$9:$AR$9,0))-SUM(F19:AN19),MAX(0,'Vergi'!AO11-SUM(AO13:AO18))),0) | AP19: =IF(AND('Zaman'!AP9>7,'Zaman'!AP9-7<=5),MIN(INDEX('Vergi'!$F$10:$AR$10,MATCH(7,'Zaman'!$F$9:$AR$9,0))-SUM(F19:AO19),MAX(0,'Vergi'!AP11-SUM(AP13:AP18))),0) | AQ19: =IF(AND('Zaman'!AQ9>7,'Zaman'!AQ9-7<=5),MIN(INDEX('Vergi'!$F$10:$AR$10,MATCH(7,'Zaman'!$F$9:$AR$9,0))-SUM(F19:AP19),MAX(0,'Vergi'!AQ11-SUM(AQ13:AQ18))),0) | AR19: =IF(AND('Zaman'!AR9>7,'Zaman'!AR9-7<=5),MIN(INDEX('Vergi'!$F$10:$AR$10,MATCH(7,'Zaman'!$F$9:$AR$9,0))-SUM(F19:AQ19),MAX(0,'Vergi'!AR11-SUM(AR13:AR18))),0)
A20: Zarar yılı 8 — kullanım | B20: USD | F20: =IF(AND('Zaman'!F9>8,'Zaman'!F9-8<=5),MIN(INDEX('Vergi'!$F$10:$AR$10,MATCH(8,'Zaman'!$F$9:$AR$9,0))-0,MAX(0,'Vergi'!F11-SUM(F13:F19))),0) | G20: =IF(AND('Zaman'!G9>8,'Zaman'!G9-8<=5),MIN(INDEX('Vergi'!$F$10:$AR$10,MATCH(8,'Zaman'!$F$9:$AR$9,0))-SUM(F20:F20),MAX(0,'Vergi'!G11-SUM(G13:G19))),0) | H20: =IF(AND('Zaman'!H9>8,'Zaman'!H9-8<=5),MIN(INDEX('Vergi'!$F$10:$AR$10,MATCH(8,'Zaman'!$F$9:$AR$9,0))-SUM(F20:G20),MAX(0,'Vergi'!H11-SUM(H13:H19))),0) | I20: =IF(AND('Zaman'!I9>8,'Zaman'!I9-8<=5),MIN(INDEX('Vergi'!$F$10:$AR$10,MATCH(8,'Zaman'!$F$9:$AR$9,0))-SUM(F20:H20),MAX(0,'Vergi'!I11-SUM(I13:I19))),0) | J20: =IF(AND('Zaman'!J9>8,'Zaman'!J9-8<=5),MIN(INDEX('Vergi'!$F$10:$AR$10,MATCH(8,'Zaman'!$F$9:$AR$9,0))-SUM(F20:I20),MAX(0,'Vergi'!J11-SUM(J13:J19))),0) | K20: =IF(AND('Zaman'!K9>8,'Zaman'!K9-8<=5),MIN(INDEX('Vergi'!$F$10:$AR$10,MATCH(8,'Zaman'!$F$9:$AR$9,0))-SUM(F20:J20),MAX(0,'Vergi'!K11-SUM(K13:K19))),0) | L20: =IF(AND('Zaman'!L9>8,'Zaman'!L9-8<=5),MIN(INDEX('Vergi'!$F$10:$AR$10,MATCH(8,'Zaman'!$F$9:$AR$9,0))-SUM(F20:K20),MAX(0,'Vergi'!L11-SUM(L13:L19))),0) | M20: =IF(AND('Zaman'!M9>8,'Zaman'!M9-8<=5),MIN(INDEX('Vergi'!$F$10:$AR$10,MATCH(8,'Zaman'!$F$9:$AR$9,0))-SUM(F20:L20),MAX(0,'Vergi'!M11-SUM(M13:M19))),0) | N20: =IF(AND('Zaman'!N9>8,'Zaman'!N9-8<=5),MIN(INDEX('Vergi'!$F$10:$AR$10,MATCH(8,'Zaman'!$F$9:$AR$9,0))-SUM(F20:M20),MAX(0,'Vergi'!N11-SUM(N13:N19))),0) | O20: =IF(AND('Zaman'!O9>8,'Zaman'!O9-8<=5),MIN(INDEX('Vergi'!$F$10:$AR$10,MATCH(8,'Zaman'!$F$9:$AR$9,0))-SUM(F20:N20),MAX(0,'Vergi'!O11-SUM(O13:O19))),0) | P20: =IF(AND('Zaman'!P9>8,'Zaman'!P9-8<=5),MIN(INDEX('Vergi'!$F$10:$AR$10,MATCH(8,'Zaman'!$F$9:$AR$9,0))-SUM(F20:O20),MAX(0,'Vergi'!P11-SUM(P13:P19))),0) | Q20: =IF(AND('Zaman'!Q9>8,'Zaman'!Q9-8<=5),MIN(INDEX('Vergi'!$F$10:$AR$10,MATCH(8,'Zaman'!$F$9:$AR$9,0))-SUM(F20:P20),MAX(0,'Vergi'!Q11-SUM(Q13:Q19))),0) | R20: =IF(AND('Zaman'!R9>8,'Zaman'!R9-8<=5),MIN(INDEX('Vergi'!$F$10:$AR$10,MATCH(8,'Zaman'!$F$9:$AR$9,0))-SUM(F20:Q20),MAX(0,'Vergi'!R11-SUM(R13:R19))),0) | S20: =IF(AND('Zaman'!S9>8,'Zaman'!S9-8<=5),MIN(INDEX('Vergi'!$F$10:$AR$10,MATCH(8,'Zaman'!$F$9:$AR$9,0))-SUM(F20:R20),MAX(0,'Vergi'!S11-SUM(S13:S19))),0) | T20: =IF(AND('Zaman'!T9>8,'Zaman'!T9-8<=5),MIN(INDEX('Vergi'!$F$10:$AR$10,MATCH(8,'Zaman'!$F$9:$AR$9,0))-SUM(F20:S20),MAX(0,'Vergi'!T11-SUM(T13:T19))),0) | U20: =IF(AND('Zaman'!U9>8,'Zaman'!U9-8<=5),MIN(INDEX('Vergi'!$F$10:$AR$10,MATCH(8,'Zaman'!$F$9:$AR$9,0))-SUM(F20:T20),MAX(0,'Vergi'!U11-SUM(U13:U19))),0) | V20: =IF(AND('Zaman'!V9>8,'Zaman'!V9-8<=5),MIN(INDEX('Vergi'!$F$10:$AR$10,MATCH(8,'Zaman'!$F$9:$AR$9,0))-SUM(F20:U20),MAX(0,'Vergi'!V11-SUM(V13:V19))),0) | W20: =IF(AND('Zaman'!W9>8,'Zaman'!W9-8<=5),MIN(INDEX('Vergi'!$F$10:$AR$10,MATCH(8,'Zaman'!$F$9:$AR$9,0))-SUM(F20:V20),MAX(0,'Vergi'!W11-SUM(W13:W19))),0) | X20: =IF(AND('Zaman'!X9>8,'Zaman'!X9-8<=5),MIN(INDEX('Vergi'!$F$10:$AR$10,MATCH(8,'Zaman'!$F$9:$AR$9,0))-SUM(F20:W20),MAX(0,'Vergi'!X11-SUM(X13:X19))),0) | Y20: =IF(AND('Zaman'!Y9>8,'Zaman'!Y9-8<=5),MIN(INDEX('Vergi'!$F$10:$AR$10,MATCH(8,'Zaman'!$F$9:$AR$9,0))-SUM(F20:X20),MAX(0,'Vergi'!Y11-SUM(Y13:Y19))),0) | Z20: =IF(AND('Zaman'!Z9>8,'Zaman'!Z9-8<=5),MIN(INDEX('Vergi'!$F$10:$AR$10,MATCH(8,'Zaman'!$F$9:$AR$9,0))-SUM(F20:Y20),MAX(0,'Vergi'!Z11-SUM(Z13:Z19))),0) | AA20: =IF(AND('Zaman'!AA9>8,'Zaman'!AA9-8<=5),MIN(INDEX('Vergi'!$F$10:$AR$10,MATCH(8,'Zaman'!$F$9:$AR$9,0))-SUM(F20:Z20),MAX(0,'Vergi'!AA11-SUM(AA13:AA19))),0) | AB20: =IF(AND('Zaman'!AB9>8,'Zaman'!AB9-8<=5),MIN(INDEX('Vergi'!$F$10:$AR$10,MATCH(8,'Zaman'!$F$9:$AR$9,0))-SUM(F20:AA20),MAX(0,'Vergi'!AB11-SUM(AB13:AB19))),0) | AC20: =IF(AND('Zaman'!AC9>8,'Zaman'!AC9-8<=5),MIN(INDEX('Vergi'!$F$10:$AR$10,MATCH(8,'Zaman'!$F$9:$AR$9,0))-SUM(F20:AB20),MAX(0,'Vergi'!AC11-SUM(AC13:AC19))),0) | AD20: =IF(AND('Zaman'!AD9>8,'Zaman'!AD9-8<=5),MIN(INDEX('Vergi'!$F$10:$AR$10,MATCH(8,'Zaman'!$F$9:$AR$9,0))-SUM(F20:AC20),MAX(0,'Vergi'!AD11-SUM(AD13:AD19))),0) | AE20: =IF(AND('Zaman'!AE9>8,'Zaman'!AE9-8<=5),MIN(INDEX('Vergi'!$F$10:$AR$10,MATCH(8,'Zaman'!$F$9:$AR$9,0))-SUM(F20:AD20),MAX(0,'Vergi'!AE11-SUM(AE13:AE19))),0) | AF20: =IF(AND('Zaman'!AF9>8,'Zaman'!AF9-8<=5),MIN(INDEX('Vergi'!$F$10:$AR$10,MATCH(8,'Zaman'!$F$9:$AR$9,0))-SUM(F20:AE20),MAX(0,'Vergi'!AF11-SUM(AF13:AF19))),0) | AG20: =IF(AND('Zaman'!AG9>8,'Zaman'!AG9-8<=5),MIN(INDEX('Vergi'!$F$10:$AR$10,MATCH(8,'Zaman'!$F$9:$AR$9,0))-SUM(F20:AF20),MAX(0,'Vergi'!AG11-SUM(AG13:AG19))),0) | AH20: =IF(AND('Zaman'!AH9>8,'Zaman'!AH9-8<=5),MIN(INDEX('Vergi'!$F$10:$AR$10,MATCH(8,'Zaman'!$F$9:$AR$9,0))-SUM(F20:AG20),MAX(0,'Vergi'!AH11-SUM(AH13:AH19))),0) | AI20: =IF(AND('Zaman'!AI9>8,'Zaman'!AI9-8<=5),MIN(INDEX('Vergi'!$F$10:$AR$10,MATCH(8,'Zaman'!$F$9:$AR$9,0))-SUM(F20:AH20),MAX(0,'Vergi'!AI11-SUM(AI13:AI19))),0) | AJ20: =IF(AND('Zaman'!AJ9>8,'Zaman'!AJ9-8<=5),MIN(INDEX('Vergi'!$F$10:$AR$10,MATCH(8,'Zaman'!$F$9:$AR$9,0))-SUM(F20:AI20),MAX(0,'Vergi'!AJ11-SUM(AJ13:AJ19))),0) | AK20: =IF(AND('Zaman'!AK9>8,'Zaman'!AK9-8<=5),MIN(INDEX('Vergi'!$F$10:$AR$10,MATCH(8,'Zaman'!$F$9:$AR$9,0))-SUM(F20:AJ20),MAX(0,'Vergi'!AK11-SUM(AK13:AK19))),0) | AL20: =IF(AND('Zaman'!AL9>8,'Zaman'!AL9-8<=5),MIN(INDEX('Vergi'!$F$10:$AR$10,MATCH(8,'Zaman'!$F$9:$AR$9,0))-SUM(F20:AK20),MAX(0,'Vergi'!AL11-SUM(AL13:AL19))),0) | AM20: =IF(AND('Zaman'!AM9>8,'Zaman'!AM9-8<=5),MIN(INDEX('Vergi'!$F$10:$AR$10,MATCH(8,'Zaman'!$F$9:$AR$9,0))-SUM(F20:AL20),MAX(0,'Vergi'!AM11-SUM(AM13:AM19))),0) | AN20: =IF(AND('Zaman'!AN9>8,'Zaman'!AN9-8<=5),MIN(INDEX('Vergi'!$F$10:$AR$10,MATCH(8,'Zaman'!$F$9:$AR$9,0))-SUM(F20:AM20),MAX(0,'Vergi'!AN11-SUM(AN13:AN19))),0) | AO20: =IF(AND('Zaman'!AO9>8,'Zaman'!AO9-8<=5),MIN(INDEX('Vergi'!$F$10:$AR$10,MATCH(8,'Zaman'!$F$9:$AR$9,0))-SUM(F20:AN20),MAX(0,'Vergi'!AO11-SUM(AO13:AO19))),0) | AP20: =IF(AND('Zaman'!AP9>8,'Zaman'!AP9-8<=5),MIN(INDEX('Vergi'!$F$10:$AR$10,MATCH(8,'Zaman'!$F$9:$AR$9,0))-SUM(F20:AO20),MAX(0,'Vergi'!AP11-SUM(AP13:AP19))),0) | AQ20: =IF(AND('Zaman'!AQ9>8,'Zaman'!AQ9-8<=5),MIN(INDEX('Vergi'!$F$10:$AR$10,MATCH(8,'Zaman'!$F$9:$AR$9,0))-SUM(F20:AP20),MAX(0,'Vergi'!AQ11-SUM(AQ13:AQ19))),0) | AR20: =IF(AND('Zaman'!AR9>8,'Zaman'!AR9-8<=5),MIN(INDEX('Vergi'!$F$10:$AR$10,MATCH(8,'Zaman'!$F$9:$AR$9,0))-SUM(F20:AQ20),MAX(0,'Vergi'!AR11-SUM(AR13:AR19))),0)
A21: Zarar yılı 9 — kullanım | B21: USD | F21: =IF(AND('Zaman'!F9>9,'Zaman'!F9-9<=5),MIN(INDEX('Vergi'!$F$10:$AR$10,MATCH(9,'Zaman'!$F$9:$AR$9,0))-0,MAX(0,'Vergi'!F11-SUM(F13:F20))),0) | G21: =IF(AND('Zaman'!G9>9,'Zaman'!G9-9<=5),MIN(INDEX('Vergi'!$F$10:$AR$10,MATCH(9,'Zaman'!$F$9:$AR$9,0))-SUM(F21:F21),MAX(0,'Vergi'!G11-SUM(G13:G20))),0) | H21: =IF(AND('Zaman'!H9>9,'Zaman'!H9-9<=5),MIN(INDEX('Vergi'!$F$10:$AR$10,MATCH(9,'Zaman'!$F$9:$AR$9,0))-SUM(F21:G21),MAX(0,'Vergi'!H11-SUM(H13:H20))),0) | I21: =IF(AND('Zaman'!I9>9,'Zaman'!I9-9<=5),MIN(INDEX('Vergi'!$F$10:$AR$10,MATCH(9,'Zaman'!$F$9:$AR$9,0))-SUM(F21:H21),MAX(0,'Vergi'!I11-SUM(I13:I20))),0) | J21: =IF(AND('Zaman'!J9>9,'Zaman'!J9-9<=5),MIN(INDEX('Vergi'!$F$10:$AR$10,MATCH(9,'Zaman'!$F$9:$AR$9,0))-SUM(F21:I21),MAX(0,'Vergi'!J11-SUM(J13:J20))),0) | K21: =IF(AND('Zaman'!K9>9,'Zaman'!K9-9<=5),MIN(INDEX('Vergi'!$F$10:$AR$10,MATCH(9,'Zaman'!$F$9:$AR$9,0))-SUM(F21:J21),MAX(0,'Vergi'!K11-SUM(K13:K20))),0) | L21: =IF(AND('Zaman'!L9>9,'Zaman'!L9-9<=5),MIN(INDEX('Vergi'!$F$10:$AR$10,MATCH(9,'Zaman'!$F$9:$AR$9,0))-SUM(F21:K21),MAX(0,'Vergi'!L11-SUM(L13:L20))),0) | M21: =IF(AND('Zaman'!M9>9,'Zaman'!M9-9<=5),MIN(INDEX('Vergi'!$F$10:$AR$10,MATCH(9,'Zaman'!$F$9:$AR$9,0))-SUM(F21:L21),MAX(0,'Vergi'!M11-SUM(M13:M20))),0) | N21: =IF(AND('Zaman'!N9>9,'Zaman'!N9-9<=5),MIN(INDEX('Vergi'!$F$10:$AR$10,MATCH(9,'Zaman'!$F$9:$AR$9,0))-SUM(F21:M21),MAX(0,'Vergi'!N11-SUM(N13:N20))),0) | O21: =IF(AND('Zaman'!O9>9,'Zaman'!O9-9<=5),MIN(INDEX('Vergi'!$F$10:$AR$10,MATCH(9,'Zaman'!$F$9:$AR$9,0))-SUM(F21:N21),MAX(0,'Vergi'!O11-SUM(O13:O20))),0) | P21: =IF(AND('Zaman'!P9>9,'Zaman'!P9-9<=5),MIN(INDEX('Vergi'!$F$10:$AR$10,MATCH(9,'Zaman'!$F$9:$AR$9,0))-SUM(F21:O21),MAX(0,'Vergi'!P11-SUM(P13:P20))),0) | Q21: =IF(AND('Zaman'!Q9>9,'Zaman'!Q9-9<=5),MIN(INDEX('Vergi'!$F$10:$AR$10,MATCH(9,'Zaman'!$F$9:$AR$9,0))-SUM(F21:P21),MAX(0,'Vergi'!Q11-SUM(Q13:Q20))),0) | R21: =IF(AND('Zaman'!R9>9,'Zaman'!R9-9<=5),MIN(INDEX('Vergi'!$F$10:$AR$10,MATCH(9,'Zaman'!$F$9:$AR$9,0))-SUM(F21:Q21),MAX(0,'Vergi'!R11-SUM(R13:R20))),0) | S21: =IF(AND('Zaman'!S9>9,'Zaman'!S9-9<=5),MIN(INDEX('Vergi'!$F$10:$AR$10,MATCH(9,'Zaman'!$F$9:$AR$9,0))-SUM(F21:R21),MAX(0,'Vergi'!S11-SUM(S13:S20))),0) | T21: =IF(AND('Zaman'!T9>9,'Zaman'!T9-9<=5),MIN(INDEX('Vergi'!$F$10:$AR$10,MATCH(9,'Zaman'!$F$9:$AR$9,0))-SUM(F21:S21),MAX(0,'Vergi'!T11-SUM(T13:T20))),0) | U21: =IF(AND('Zaman'!U9>9,'Zaman'!U9-9<=5),MIN(INDEX('Vergi'!$F$10:$AR$10,MATCH(9,'Zaman'!$F$9:$AR$9,0))-SUM(F21:T21),MAX(0,'Vergi'!U11-SUM(U13:U20))),0) | V21: =IF(AND('Zaman'!V9>9,'Zaman'!V9-9<=5),MIN(INDEX('Vergi'!$F$10:$AR$10,MATCH(9,'Zaman'!$F$9:$AR$9,0))-SUM(F21:U21),MAX(0,'Vergi'!V11-SUM(V13:V20))),0) | W21: =IF(AND('Zaman'!W9>9,'Zaman'!W9-9<=5),MIN(INDEX('Vergi'!$F$10:$AR$10,MATCH(9,'Zaman'!$F$9:$AR$9,0))-SUM(F21:V21),MAX(0,'Vergi'!W11-SUM(W13:W20))),0) | X21: =IF(AND('Zaman'!X9>9,'Zaman'!X9-9<=5),MIN(INDEX('Vergi'!$F$10:$AR$10,MATCH(9,'Zaman'!$F$9:$AR$9,0))-SUM(F21:W21),MAX(0,'Vergi'!X11-SUM(X13:X20))),0) | Y21: =IF(AND('Zaman'!Y9>9,'Zaman'!Y9-9<=5),MIN(INDEX('Vergi'!$F$10:$AR$10,MATCH(9,'Zaman'!$F$9:$AR$9,0))-SUM(F21:X21),MAX(0,'Vergi'!Y11-SUM(Y13:Y20))),0) | Z21: =IF(AND('Zaman'!Z9>9,'Zaman'!Z9-9<=5),MIN(INDEX('Vergi'!$F$10:$AR$10,MATCH(9,'Zaman'!$F$9:$AR$9,0))-SUM(F21:Y21),MAX(0,'Vergi'!Z11-SUM(Z13:Z20))),0) | AA21: =IF(AND('Zaman'!AA9>9,'Zaman'!AA9-9<=5),MIN(INDEX('Vergi'!$F$10:$AR$10,MATCH(9,'Zaman'!$F$9:$AR$9,0))-SUM(F21:Z21),MAX(0,'Vergi'!AA11-SUM(AA13:AA20))),0) | AB21: =IF(AND('Zaman'!AB9>9,'Zaman'!AB9-9<=5),MIN(INDEX('Vergi'!$F$10:$AR$10,MATCH(9,'Zaman'!$F$9:$AR$9,0))-SUM(F21:AA21),MAX(0,'Vergi'!AB11-SUM(AB13:AB20))),0) | AC21: =IF(AND('Zaman'!AC9>9,'Zaman'!AC9-9<=5),MIN(INDEX('Vergi'!$F$10:$AR$10,MATCH(9,'Zaman'!$F$9:$AR$9,0))-SUM(F21:AB21),MAX(0,'Vergi'!AC11-SUM(AC13:AC20))),0) | AD21: =IF(AND('Zaman'!AD9>9,'Zaman'!AD9-9<=5),MIN(INDEX('Vergi'!$F$10:$AR$10,MATCH(9,'Zaman'!$F$9:$AR$9,0))-SUM(F21:AC21),MAX(0,'Vergi'!AD11-SUM(AD13:AD20))),0) | AE21: =IF(AND('Zaman'!AE9>9,'Zaman'!AE9-9<=5),MIN(INDEX('Vergi'!$F$10:$AR$10,MATCH(9,'Zaman'!$F$9:$AR$9,0))-SUM(F21:AD21),MAX(0,'Vergi'!AE11-SUM(AE13:AE20))),0) | AF21: =IF(AND('Zaman'!AF9>9,'Zaman'!AF9-9<=5),MIN(INDEX('Vergi'!$F$10:$AR$10,MATCH(9,'Zaman'!$F$9:$AR$9,0))-SUM(F21:AE21),MAX(0,'Vergi'!AF11-SUM(AF13:AF20))),0) | AG21: =IF(AND('Zaman'!AG9>9,'Zaman'!AG9-9<=5),MIN(INDEX('Vergi'!$F$10:$AR$10,MATCH(9,'Zaman'!$F$9:$AR$9,0))-SUM(F21:AF21),MAX(0,'Vergi'!AG11-SUM(AG13:AG20))),0) | AH21: =IF(AND('Zaman'!AH9>9,'Zaman'!AH9-9<=5),MIN(INDEX('Vergi'!$F$10:$AR$10,MATCH(9,'Zaman'!$F$9:$AR$9,0))-SUM(F21:AG21),MAX(0,'Vergi'!AH11-SUM(AH13:AH20))),0) | AI21: =IF(AND('Zaman'!AI9>9,'Zaman'!AI9-9<=5),MIN(INDEX('Vergi'!$F$10:$AR$10,MATCH(9,'Zaman'!$F$9:$AR$9,0))-SUM(F21:AH21),MAX(0,'Vergi'!AI11-SUM(AI13:AI20))),0) | AJ21: =IF(AND('Zaman'!AJ9>9,'Zaman'!AJ9-9<=5),MIN(INDEX('Vergi'!$F$10:$AR$10,MATCH(9,'Zaman'!$F$9:$AR$9,0))-SUM(F21:AI21),MAX(0,'Vergi'!AJ11-SUM(AJ13:AJ20))),0) | AK21: =IF(AND('Zaman'!AK9>9,'Zaman'!AK9-9<=5),MIN(INDEX('Vergi'!$F$10:$AR$10,MATCH(9,'Zaman'!$F$9:$AR$9,0))-SUM(F21:AJ21),MAX(0,'Vergi'!AK11-SUM(AK13:AK20))),0) | AL21: =IF(AND('Zaman'!AL9>9,'Zaman'!AL9-9<=5),MIN(INDEX('Vergi'!$F$10:$AR$10,MATCH(9,'Zaman'!$F$9:$AR$9,0))-SUM(F21:AK21),MAX(0,'Vergi'!AL11-SUM(AL13:AL20))),0) | AM21: =IF(AND('Zaman'!AM9>9,'Zaman'!AM9-9<=5),MIN(INDEX('Vergi'!$F$10:$AR$10,MATCH(9,'Zaman'!$F$9:$AR$9,0))-SUM(F21:AL21),MAX(0,'Vergi'!AM11-SUM(AM13:AM20))),0) | AN21: =IF(AND('Zaman'!AN9>9,'Zaman'!AN9-9<=5),MIN(INDEX('Vergi'!$F$10:$AR$10,MATCH(9,'Zaman'!$F$9:$AR$9,0))-SUM(F21:AM21),MAX(0,'Vergi'!AN11-SUM(AN13:AN20))),0) | AO21: =IF(AND('Zaman'!AO9>9,'Zaman'!AO9-9<=5),MIN(INDEX('Vergi'!$F$10:$AR$10,MATCH(9,'Zaman'!$F$9:$AR$9,0))-SUM(F21:AN21),MAX(0,'Vergi'!AO11-SUM(AO13:AO20))),0) | AP21: =IF(AND('Zaman'!AP9>9,'Zaman'!AP9-9<=5),MIN(INDEX('Vergi'!$F$10:$AR$10,MATCH(9,'Zaman'!$F$9:$AR$9,0))-SUM(F21:AO21),MAX(0,'Vergi'!AP11-SUM(AP13:AP20))),0) | AQ21: =IF(AND('Zaman'!AQ9>9,'Zaman'!AQ9-9<=5),MIN(INDEX('Vergi'!$F$10:$AR$10,MATCH(9,'Zaman'!$F$9:$AR$9,0))-SUM(F21:AP21),MAX(0,'Vergi'!AQ11-SUM(AQ13:AQ20))),0) | AR21: =IF(AND('Zaman'!AR9>9,'Zaman'!AR9-9<=5),MIN(INDEX('Vergi'!$F$10:$AR$10,MATCH(9,'Zaman'!$F$9:$AR$9,0))-SUM(F21:AQ21),MAX(0,'Vergi'!AR11-SUM(AR13:AR20))),0)
A22: Zarar yılı 10 — kullanım | B22: USD | F22: =IF(AND('Zaman'!F9>10,'Zaman'!F9-10<=5),MIN(INDEX('Vergi'!$F$10:$AR$10,MATCH(10,'Zaman'!$F$9:$AR$9,0))-0,MAX(0,'Vergi'!F11-SUM(F13:F21))),0) | G22: =IF(AND('Zaman'!G9>10,'Zaman'!G9-10<=5),MIN(INDEX('Vergi'!$F$10:$AR$10,MATCH(10,'Zaman'!$F$9:$AR$9,0))-SUM(F22:F22),MAX(0,'Vergi'!G11-SUM(G13:G21))),0) | H22: =IF(AND('Zaman'!H9>10,'Zaman'!H9-10<=5),MIN(INDEX('Vergi'!$F$10:$AR$10,MATCH(10,'Zaman'!$F$9:$AR$9,0))-SUM(F22:G22),MAX(0,'Vergi'!H11-SUM(H13:H21))),0) | I22: =IF(AND('Zaman'!I9>10,'Zaman'!I9-10<=5),MIN(INDEX('Vergi'!$F$10:$AR$10,MATCH(10,'Zaman'!$F$9:$AR$9,0))-SUM(F22:H22),MAX(0,'Vergi'!I11-SUM(I13:I21))),0) | J22: =IF(AND('Zaman'!J9>10,'Zaman'!J9-10<=5),MIN(INDEX('Vergi'!$F$10:$AR$10,MATCH(10,'Zaman'!$F$9:$AR$9,0))-SUM(F22:I22),MAX(0,'Vergi'!J11-SUM(J13:J21))),0) | K22: =IF(AND('Zaman'!K9>10,'Zaman'!K9-10<=5),MIN(INDEX('Vergi'!$F$10:$AR$10,MATCH(10,'Zaman'!$F$9:$AR$9,0))-SUM(F22:J22),MAX(0,'Vergi'!K11-SUM(K13:K21))),0) | L22: =IF(AND('Zaman'!L9>10,'Zaman'!L9-10<=5),MIN(INDEX('Vergi'!$F$10:$AR$10,MATCH(10,'Zaman'!$F$9:$AR$9,0))-SUM(F22:K22),MAX(0,'Vergi'!L11-SUM(L13:L21))),0) | M22: =IF(AND('Zaman'!M9>10,'Zaman'!M9-10<=5),MIN(INDEX('Vergi'!$F$10:$AR$10,MATCH(10,'Zaman'!$F$9:$AR$9,0))-SUM(F22:L22),MAX(0,'Vergi'!M11-SUM(M13:M21))),0) | N22: =IF(AND('Zaman'!N9>10,'Zaman'!N9-10<=5),MIN(INDEX('Vergi'!$F$10:$AR$10,MATCH(10,'Zaman'!$F$9:$AR$9,0))-SUM(F22:M22),MAX(0,'Vergi'!N11-SUM(N13:N21))),0) | O22: =IF(AND('Zaman'!O9>10,'Zaman'!O9-10<=5),MIN(INDEX('Vergi'!$F$10:$AR$10,MATCH(10,'Zaman'!$F$9:$AR$9,0))-SUM(F22:N22),MAX(0,'Vergi'!O11-SUM(O13:O21))),0) | P22: =IF(AND('Zaman'!P9>10,'Zaman'!P9-10<=5),MIN(INDEX('Vergi'!$F$10:$AR$10,MATCH(10,'Zaman'!$F$9:$AR$9,0))-SUM(F22:O22),MAX(0,'Vergi'!P11-SUM(P13:P21))),0) | Q22: =IF(AND('Zaman'!Q9>10,'Zaman'!Q9-10<=5),MIN(INDEX('Vergi'!$F$10:$AR$10,MATCH(10,'Zaman'!$F$9:$AR$9,0))-SUM(F22:P22),MAX(0,'Vergi'!Q11-SUM(Q13:Q21))),0) | R22: =IF(AND('Zaman'!R9>10,'Zaman'!R9-10<=5),MIN(INDEX('Vergi'!$F$10:$AR$10,MATCH(10,'Zaman'!$F$9:$AR$9,0))-SUM(F22:Q22),MAX(0,'Vergi'!R11-SUM(R13:R21))),0) | S22: =IF(AND('Zaman'!S9>10,'Zaman'!S9-10<=5),MIN(INDEX('Vergi'!$F$10:$AR$10,MATCH(10,'Zaman'!$F$9:$AR$9,0))-SUM(F22:R22),MAX(0,'Vergi'!S11-SUM(S13:S21))),0) | T22: =IF(AND('Zaman'!T9>10,'Zaman'!T9-10<=5),MIN(INDEX('Vergi'!$F$10:$AR$10,MATCH(10,'Zaman'!$F$9:$AR$9,0))-SUM(F22:S22),MAX(0,'Vergi'!T11-SUM(T13:T21))),0) | U22: =IF(AND('Zaman'!U9>10,'Zaman'!U9-10<=5),MIN(INDEX('Vergi'!$F$10:$AR$10,MATCH(10,'Zaman'!$F$9:$AR$9,0))-SUM(F22:T22),MAX(0,'Vergi'!U11-SUM(U13:U21))),0) | V22: =IF(AND('Zaman'!V9>10,'Zaman'!V9-10<=5),MIN(INDEX('Vergi'!$F$10:$AR$10,MATCH(10,'Zaman'!$F$9:$AR$9,0))-SUM(F22:U22),MAX(0,'Vergi'!V11-SUM(V13:V21))),0) | W22: =IF(AND('Zaman'!W9>10,'Zaman'!W9-10<=5),MIN(INDEX('Vergi'!$F$10:$AR$10,MATCH(10,'Zaman'!$F$9:$AR$9,0))-SUM(F22:V22),MAX(0,'Vergi'!W11-SUM(W13:W21))),0) | X22: =IF(AND('Zaman'!X9>10,'Zaman'!X9-10<=5),MIN(INDEX('Vergi'!$F$10:$AR$10,MATCH(10,'Zaman'!$F$9:$AR$9,0))-SUM(F22:W22),MAX(0,'Vergi'!X11-SUM(X13:X21))),0) | Y22: =IF(AND('Zaman'!Y9>10,'Zaman'!Y9-10<=5),MIN(INDEX('Vergi'!$F$10:$AR$10,MATCH(10,'Zaman'!$F$9:$AR$9,0))-SUM(F22:X22),MAX(0,'Vergi'!Y11-SUM(Y13:Y21))),0) | Z22: =IF(AND('Zaman'!Z9>10,'Zaman'!Z9-10<=5),MIN(INDEX('Vergi'!$F$10:$AR$10,MATCH(10,'Zaman'!$F$9:$AR$9,0))-SUM(F22:Y22),MAX(0,'Vergi'!Z11-SUM(Z13:Z21))),0) | AA22: =IF(AND('Zaman'!AA9>10,'Zaman'!AA9-10<=5),MIN(INDEX('Vergi'!$F$10:$AR$10,MATCH(10,'Zaman'!$F$9:$AR$9,0))-SUM(F22:Z22),MAX(0,'Vergi'!AA11-SUM(AA13:AA21))),0) | AB22: =IF(AND('Zaman'!AB9>10,'Zaman'!AB9-10<=5),MIN(INDEX('Vergi'!$F$10:$AR$10,MATCH(10,'Zaman'!$F$9:$AR$9,0))-SUM(F22:AA22),MAX(0,'Vergi'!AB11-SUM(AB13:AB21))),0) | AC22: =IF(AND('Zaman'!AC9>10,'Zaman'!AC9-10<=5),MIN(INDEX('Vergi'!$F$10:$AR$10,MATCH(10,'Zaman'!$F$9:$AR$9,0))-SUM(F22:AB22),MAX(0,'Vergi'!AC11-SUM(AC13:AC21))),0) | AD22: =IF(AND('Zaman'!AD9>10,'Zaman'!AD9-10<=5),MIN(INDEX('Vergi'!$F$10:$AR$10,MATCH(10,'Zaman'!$F$9:$AR$9,0))-SUM(F22:AC22),MAX(0,'Vergi'!AD11-SUM(AD13:AD21))),0) | AE22: =IF(AND('Zaman'!AE9>10,'Zaman'!AE9-10<=5),MIN(INDEX('Vergi'!$F$10:$AR$10,MATCH(10,'Zaman'!$F$9:$AR$9,0))-SUM(F22:AD22),MAX(0,'Vergi'!AE11-SUM(AE13:AE21))),0) | AF22: =IF(AND('Zaman'!AF9>10,'Zaman'!AF9-10<=5),MIN(INDEX('Vergi'!$F$10:$AR$10,MATCH(10,'Zaman'!$F$9:$AR$9,0))-SUM(F22:AE22),MAX(0,'Vergi'!AF11-SUM(AF13:AF21))),0) | AG22: =IF(AND('Zaman'!AG9>10,'Zaman'!AG9-10<=5),MIN(INDEX('Vergi'!$F$10:$AR$10,MATCH(10,'Zaman'!$F$9:$AR$9,0))-SUM(F22:AF22),MAX(0,'Vergi'!AG11-SUM(AG13:AG21))),0) | AH22: =IF(AND('Zaman'!AH9>10,'Zaman'!AH9-10<=5),MIN(INDEX('Vergi'!$F$10:$AR$10,MATCH(10,'Zaman'!$F$9:$AR$9,0))-SUM(F22:AG22),MAX(0,'Vergi'!AH11-SUM(AH13:AH21))),0) | AI22: =IF(AND('Zaman'!AI9>10,'Zaman'!AI9-10<=5),MIN(INDEX('Vergi'!$F$10:$AR$10,MATCH(10,'Zaman'!$F$9:$AR$9,0))-SUM(F22:AH22),MAX(0,'Vergi'!AI11-SUM(AI13:AI21))),0) | AJ22: =IF(AND('Zaman'!AJ9>10,'Zaman'!AJ9-10<=5),MIN(INDEX('Vergi'!$F$10:$AR$10,MATCH(10,'Zaman'!$F$9:$AR$9,0))-SUM(F22:AI22),MAX(0,'Vergi'!AJ11-SUM(AJ13:AJ21))),0) | AK22: =IF(AND('Zaman'!AK9>10,'Zaman'!AK9-10<=5),MIN(INDEX('Vergi'!$F$10:$AR$10,MATCH(10,'Zaman'!$F$9:$AR$9,0))-SUM(F22:AJ22),MAX(0,'Vergi'!AK11-SUM(AK13:AK21))),0) | AL22: =IF(AND('Zaman'!AL9>10,'Zaman'!AL9-10<=5),MIN(INDEX('Vergi'!$F$10:$AR$10,MATCH(10,'Zaman'!$F$9:$AR$9,0))-SUM(F22:AK22),MAX(0,'Vergi'!AL11-SUM(AL13:AL21))),0) | AM22: =IF(AND('Zaman'!AM9>10,'Zaman'!AM9-10<=5),MIN(INDEX('Vergi'!$F$10:$AR$10,MATCH(10,'Zaman'!$F$9:$AR$9,0))-SUM(F22:AL22),MAX(0,'Vergi'!AM11-SUM(AM13:AM21))),0) | AN22: =IF(AND('Zaman'!AN9>10,'Zaman'!AN9-10<=5),MIN(INDEX('Vergi'!$F$10:$AR$10,MATCH(10,'Zaman'!$F$9:$AR$9,0))-SUM(F22:AM22),MAX(0,'Vergi'!AN11-SUM(AN13:AN21))),0) | AO22: =IF(AND('Zaman'!AO9>10,'Zaman'!AO9-10<=5),MIN(INDEX('Vergi'!$F$10:$AR$10,MATCH(10,'Zaman'!$F$9:$AR$9,0))-SUM(F22:AN22),MAX(0,'Vergi'!AO11-SUM(AO13:AO21))),0) | AP22: =IF(AND('Zaman'!AP9>10,'Zaman'!AP9-10<=5),MIN(INDEX('Vergi'!$F$10:$AR$10,MATCH(10,'Zaman'!$F$9:$AR$9,0))-SUM(F22:AO22),MAX(0,'Vergi'!AP11-SUM(AP13:AP21))),0) | AQ22: =IF(AND('Zaman'!AQ9>10,'Zaman'!AQ9-10<=5),MIN(INDEX('Vergi'!$F$10:$AR$10,MATCH(10,'Zaman'!$F$9:$AR$9,0))-SUM(F22:AP22),MAX(0,'Vergi'!AQ11-SUM(AQ13:AQ21))),0) | AR22: =IF(AND('Zaman'!AR9>10,'Zaman'!AR9-10<=5),MIN(INDEX('Vergi'!$F$10:$AR$10,MATCH(10,'Zaman'!$F$9:$AR$9,0))-SUM(F22:AQ22),MAX(0,'Vergi'!AR11-SUM(AR13:AR21))),0)
A23: Zarar yılı 11 — kullanım | B23: USD | F23: =IF(AND('Zaman'!F9>11,'Zaman'!F9-11<=5),MIN(INDEX('Vergi'!$F$10:$AR$10,MATCH(11,'Zaman'!$F$9:$AR$9,0))-0,MAX(0,'Vergi'!F11-SUM(F13:F22))),0) | G23: =IF(AND('Zaman'!G9>11,'Zaman'!G9-11<=5),MIN(INDEX('Vergi'!$F$10:$AR$10,MATCH(11,'Zaman'!$F$9:$AR$9,0))-SUM(F23:F23),MAX(0,'Vergi'!G11-SUM(G13:G22))),0) | H23: =IF(AND('Zaman'!H9>11,'Zaman'!H9-11<=5),MIN(INDEX('Vergi'!$F$10:$AR$10,MATCH(11,'Zaman'!$F$9:$AR$9,0))-SUM(F23:G23),MAX(0,'Vergi'!H11-SUM(H13:H22))),0) | I23: =IF(AND('Zaman'!I9>11,'Zaman'!I9-11<=5),MIN(INDEX('Vergi'!$F$10:$AR$10,MATCH(11,'Zaman'!$F$9:$AR$9,0))-SUM(F23:H23),MAX(0,'Vergi'!I11-SUM(I13:I22))),0) | J23: =IF(AND('Zaman'!J9>11,'Zaman'!J9-11<=5),MIN(INDEX('Vergi'!$F$10:$AR$10,MATCH(11,'Zaman'!$F$9:$AR$9,0))-SUM(F23:I23),MAX(0,'Vergi'!J11-SUM(J13:J22))),0) | K23: =IF(AND('Zaman'!K9>11,'Zaman'!K9-11<=5),MIN(INDEX('Vergi'!$F$10:$AR$10,MATCH(11,'Zaman'!$F$9:$AR$9,0))-SUM(F23:J23),MAX(0,'Vergi'!K11-SUM(K13:K22))),0) | L23: =IF(AND('Zaman'!L9>11,'Zaman'!L9-11<=5),MIN(INDEX('Vergi'!$F$10:$AR$10,MATCH(11,'Zaman'!$F$9:$AR$9,0))-SUM(F23:K23),MAX(0,'Vergi'!L11-SUM(L13:L22))),0) | M23: =IF(AND('Zaman'!M9>11,'Zaman'!M9-11<=5),MIN(INDEX('Vergi'!$F$10:$AR$10,MATCH(11,'Zaman'!$F$9:$AR$9,0))-SUM(F23:L23),MAX(0,'Vergi'!M11-SUM(M13:M22))),0) | N23: =IF(AND('Zaman'!N9>11,'Zaman'!N9-11<=5),MIN(INDEX('Vergi'!$F$10:$AR$10,MATCH(11,'Zaman'!$F$9:$AR$9,0))-SUM(F23:M23),MAX(0,'Vergi'!N11-SUM(N13:N22))),0) | O23: =IF(AND('Zaman'!O9>11,'Zaman'!O9-11<=5),MIN(INDEX('Vergi'!$F$10:$AR$10,MATCH(11,'Zaman'!$F$9:$AR$9,0))-SUM(F23:N23),MAX(0,'Vergi'!O11-SUM(O13:O22))),0) | P23: =IF(AND('Zaman'!P9>11,'Zaman'!P9-11<=5),MIN(INDEX('Vergi'!$F$10:$AR$10,MATCH(11,'Zaman'!$F$9:$AR$9,0))-SUM(F23:O23),MAX(0,'Vergi'!P11-SUM(P13:P22))),0) | Q23: =IF(AND('Zaman'!Q9>11,'Zaman'!Q9-11<=5),MIN(INDEX('Vergi'!$F$10:$AR$10,MATCH(11,'Zaman'!$F$9:$AR$9,0))-SUM(F23:P23),MAX(0,'Vergi'!Q11-SUM(Q13:Q22))),0) | R23: =IF(AND('Zaman'!R9>11,'Zaman'!R9-11<=5),MIN(INDEX('Vergi'!$F$10:$AR$10,MATCH(11,'Zaman'!$F$9:$AR$9,0))-SUM(F23:Q23),MAX(0,'Vergi'!R11-SUM(R13:R22))),0) | S23: =IF(AND('Zaman'!S9>11,'Zaman'!S9-11<=5),MIN(INDEX('Vergi'!$F$10:$AR$10,MATCH(11,'Zaman'!$F$9:$AR$9,0))-SUM(F23:R23),MAX(0,'Vergi'!S11-SUM(S13:S22))),0) | T23: =IF(AND('Zaman'!T9>11,'Zaman'!T9-11<=5),MIN(INDEX('Vergi'!$F$10:$AR$10,MATCH(11,'Zaman'!$F$9:$AR$9,0))-SUM(F23:S23),MAX(0,'Vergi'!T11-SUM(T13:T22))),0) | U23: =IF(AND('Zaman'!U9>11,'Zaman'!U9-11<=5),MIN(INDEX('Vergi'!$F$10:$AR$10,MATCH(11,'Zaman'!$F$9:$AR$9,0))-SUM(F23:T23),MAX(0,'Vergi'!U11-SUM(U13:U22))),0) | V23: =IF(AND('Zaman'!V9>11,'Zaman'!V9-11<=5),MIN(INDEX('Vergi'!$F$10:$AR$10,MATCH(11,'Zaman'!$F$9:$AR$9,0))-SUM(F23:U23),MAX(0,'Vergi'!V11-SUM(V13:V22))),0) | W23: =IF(AND('Zaman'!W9>11,'Zaman'!W9-11<=5),MIN(INDEX('Vergi'!$F$10:$AR$10,MATCH(11,'Zaman'!$F$9:$AR$9,0))-SUM(F23:V23),MAX(0,'Vergi'!W11-SUM(W13:W22))),0) | X23: =IF(AND('Zaman'!X9>11,'Zaman'!X9-11<=5),MIN(INDEX('Vergi'!$F$10:$AR$10,MATCH(11,'Zaman'!$F$9:$AR$9,0))-SUM(F23:W23),MAX(0,'Vergi'!X11-SUM(X13:X22))),0) | Y23: =IF(AND('Zaman'!Y9>11,'Zaman'!Y9-11<=5),MIN(INDEX('Vergi'!$F$10:$AR$10,MATCH(11,'Zaman'!$F$9:$AR$9,0))-SUM(F23:X23),MAX(0,'Vergi'!Y11-SUM(Y13:Y22))),0) | Z23: =IF(AND('Zaman'!Z9>11,'Zaman'!Z9-11<=5),MIN(INDEX('Vergi'!$F$10:$AR$10,MATCH(11,'Zaman'!$F$9:$AR$9,0))-SUM(F23:Y23),MAX(0,'Vergi'!Z11-SUM(Z13:Z22))),0) | AA23: =IF(AND('Zaman'!AA9>11,'Zaman'!AA9-11<=5),MIN(INDEX('Vergi'!$F$10:$AR$10,MATCH(11,'Zaman'!$F$9:$AR$9,0))-SUM(F23:Z23),MAX(0,'Vergi'!AA11-SUM(AA13:AA22))),0) | AB23: =IF(AND('Zaman'!AB9>11,'Zaman'!AB9-11<=5),MIN(INDEX('Vergi'!$F$10:$AR$10,MATCH(11,'Zaman'!$F$9:$AR$9,0))-SUM(F23:AA23),MAX(0,'Vergi'!AB11-SUM(AB13:AB22))),0) | AC23: =IF(AND('Zaman'!AC9>11,'Zaman'!AC9-11<=5),MIN(INDEX('Vergi'!$F$10:$AR$10,MATCH(11,'Zaman'!$F$9:$AR$9,0))-SUM(F23:AB23),MAX(0,'Vergi'!AC11-SUM(AC13:AC22))),0) | AD23: =IF(AND('Zaman'!AD9>11,'Zaman'!AD9-11<=5),MIN(INDEX('Vergi'!$F$10:$AR$10,MATCH(11,'Zaman'!$F$9:$AR$9,0))-SUM(F23:AC23),MAX(0,'Vergi'!AD11-SUM(AD13:AD22))),0) | AE23: =IF(AND('Zaman'!AE9>11,'Zaman'!AE9-11<=5),MIN(INDEX('Vergi'!$F$10:$AR$10,MATCH(11,'Zaman'!$F$9:$AR$9,0))-SUM(F23:AD23),MAX(0,'Vergi'!AE11-SUM(AE13:AE22))),0) | AF23: =IF(AND('Zaman'!AF9>11,'Zaman'!AF9-11<=5),MIN(INDEX('Vergi'!$F$10:$AR$10,MATCH(11,'Zaman'!$F$9:$AR$9,0))-SUM(F23:AE23),MAX(0,'Vergi'!AF11-SUM(AF13:AF22))),0) | AG23: =IF(AND('Zaman'!AG9>11,'Zaman'!AG9-11<=5),MIN(INDEX('Vergi'!$F$10:$AR$10,MATCH(11,'Zaman'!$F$9:$AR$9,0))-SUM(F23:AF23),MAX(0,'Vergi'!AG11-SUM(AG13:AG22))),0) | AH23: =IF(AND('Zaman'!AH9>11,'Zaman'!AH9-11<=5),MIN(INDEX('Vergi'!$F$10:$AR$10,MATCH(11,'Zaman'!$F$9:$AR$9,0))-SUM(F23:AG23),MAX(0,'Vergi'!AH11-SUM(AH13:AH22))),0) | AI23: =IF(AND('Zaman'!AI9>11,'Zaman'!AI9-11<=5),MIN(INDEX('Vergi'!$F$10:$AR$10,MATCH(11,'Zaman'!$F$9:$AR$9,0))-SUM(F23:AH23),MAX(0,'Vergi'!AI11-SUM(AI13:AI22))),0) | AJ23: =IF(AND('Zaman'!AJ9>11,'Zaman'!AJ9-11<=5),MIN(INDEX('Vergi'!$F$10:$AR$10,MATCH(11,'Zaman'!$F$9:$AR$9,0))-SUM(F23:AI23),MAX(0,'Vergi'!AJ11-SUM(AJ13:AJ22))),0) | AK23: =IF(AND('Zaman'!AK9>11,'Zaman'!AK9-11<=5),MIN(INDEX('Vergi'!$F$10:$AR$10,MATCH(11,'Zaman'!$F$9:$AR$9,0))-SUM(F23:AJ23),MAX(0,'Vergi'!AK11-SUM(AK13:AK22))),0) | AL23: =IF(AND('Zaman'!AL9>11,'Zaman'!AL9-11<=5),MIN(INDEX('Vergi'!$F$10:$AR$10,MATCH(11,'Zaman'!$F$9:$AR$9,0))-SUM(F23:AK23),MAX(0,'Vergi'!AL11-SUM(AL13:AL22))),0) | AM23: =IF(AND('Zaman'!AM9>11,'Zaman'!AM9-11<=5),MIN(INDEX('Vergi'!$F$10:$AR$10,MATCH(11,'Zaman'!$F$9:$AR$9,0))-SUM(F23:AL23),MAX(0,'Vergi'!AM11-SUM(AM13:AM22))),0) | AN23: =IF(AND('Zaman'!AN9>11,'Zaman'!AN9-11<=5),MIN(INDEX('Vergi'!$F$10:$AR$10,MATCH(11,'Zaman'!$F$9:$AR$9,0))-SUM(F23:AM23),MAX(0,'Vergi'!AN11-SUM(AN13:AN22))),0) | AO23: =IF(AND('Zaman'!AO9>11,'Zaman'!AO9-11<=5),MIN(INDEX('Vergi'!$F$10:$AR$10,MATCH(11,'Zaman'!$F$9:$AR$9,0))-SUM(F23:AN23),MAX(0,'Vergi'!AO11-SUM(AO13:AO22))),0) | AP23: =IF(AND('Zaman'!AP9>11,'Zaman'!AP9-11<=5),MIN(INDEX('Vergi'!$F$10:$AR$10,MATCH(11,'Zaman'!$F$9:$AR$9,0))-SUM(F23:AO23),MAX(0,'Vergi'!AP11-SUM(AP13:AP22))),0) | AQ23: =IF(AND('Zaman'!AQ9>11,'Zaman'!AQ9-11<=5),MIN(INDEX('Vergi'!$F$10:$AR$10,MATCH(11,'Zaman'!$F$9:$AR$9,0))-SUM(F23:AP23),MAX(0,'Vergi'!AQ11-SUM(AQ13:AQ22))),0) | AR23: =IF(AND('Zaman'!AR9>11,'Zaman'!AR9-11<=5),MIN(INDEX('Vergi'!$F$10:$AR$10,MATCH(11,'Zaman'!$F$9:$AR$9,0))-SUM(F23:AQ23),MAX(0,'Vergi'!AR11-SUM(AR13:AR22))),0)
A24: Zarar yılı 12 — kullanım | B24: USD | F24: =IF(AND('Zaman'!F9>12,'Zaman'!F9-12<=5),MIN(INDEX('Vergi'!$F$10:$AR$10,MATCH(12,'Zaman'!$F$9:$AR$9,0))-0,MAX(0,'Vergi'!F11-SUM(F13:F23))),0) | G24: =IF(AND('Zaman'!G9>12,'Zaman'!G9-12<=5),MIN(INDEX('Vergi'!$F$10:$AR$10,MATCH(12,'Zaman'!$F$9:$AR$9,0))-SUM(F24:F24),MAX(0,'Vergi'!G11-SUM(G13:G23))),0) | H24: =IF(AND('Zaman'!H9>12,'Zaman'!H9-12<=5),MIN(INDEX('Vergi'!$F$10:$AR$10,MATCH(12,'Zaman'!$F$9:$AR$9,0))-SUM(F24:G24),MAX(0,'Vergi'!H11-SUM(H13:H23))),0) | I24: =IF(AND('Zaman'!I9>12,'Zaman'!I9-12<=5),MIN(INDEX('Vergi'!$F$10:$AR$10,MATCH(12,'Zaman'!$F$9:$AR$9,0))-SUM(F24:H24),MAX(0,'Vergi'!I11-SUM(I13:I23))),0) | J24: =IF(AND('Zaman'!J9>12,'Zaman'!J9-12<=5),MIN(INDEX('Vergi'!$F$10:$AR$10,MATCH(12,'Zaman'!$F$9:$AR$9,0))-SUM(F24:I24),MAX(0,'Vergi'!J11-SUM(J13:J23))),0) | K24: =IF(AND('Zaman'!K9>12,'Zaman'!K9-12<=5),MIN(INDEX('Vergi'!$F$10:$AR$10,MATCH(12,'Zaman'!$F$9:$AR$9,0))-SUM(F24:J24),MAX(0,'Vergi'!K11-SUM(K13:K23))),0) | L24: =IF(AND('Zaman'!L9>12,'Zaman'!L9-12<=5),MIN(INDEX('Vergi'!$F$10:$AR$10,MATCH(12,'Zaman'!$F$9:$AR$9,0))-SUM(F24:K24),MAX(0,'Vergi'!L11-SUM(L13:L23))),0) | M24: =IF(AND('Zaman'!M9>12,'Zaman'!M9-12<=5),MIN(INDEX('Vergi'!$F$10:$AR$10,MATCH(12,'Zaman'!$F$9:$AR$9,0))-SUM(F24:L24),MAX(0,'Vergi'!M11-SUM(M13:M23))),0) | N24: =IF(AND('Zaman'!N9>12,'Zaman'!N9-12<=5),MIN(INDEX('Vergi'!$F$10:$AR$10,MATCH(12,'Zaman'!$F$9:$AR$9,0))-SUM(F24:M24),MAX(0,'Vergi'!N11-SUM(N13:N23))),0) | O24: =IF(AND('Zaman'!O9>12,'Zaman'!O9-12<=5),MIN(INDEX('Vergi'!$F$10:$AR$10,MATCH(12,'Zaman'!$F$9:$AR$9,0))-SUM(F24:N24),MAX(0,'Vergi'!O11-SUM(O13:O23))),0) | P24: =IF(AND('Zaman'!P9>12,'Zaman'!P9-12<=5),MIN(INDEX('Vergi'!$F$10:$AR$10,MATCH(12,'Zaman'!$F$9:$AR$9,0))-SUM(F24:O24),MAX(0,'Vergi'!P11-SUM(P13:P23))),0) | Q24: =IF(AND('Zaman'!Q9>12,'Zaman'!Q9-12<=5),MIN(INDEX('Vergi'!$F$10:$AR$10,MATCH(12,'Zaman'!$F$9:$AR$9,0))-SUM(F24:P24),MAX(0,'Vergi'!Q11-SUM(Q13:Q23))),0) | R24: =IF(AND('Zaman'!R9>12,'Zaman'!R9-12<=5),MIN(INDEX('Vergi'!$F$10:$AR$10,MATCH(12,'Zaman'!$F$9:$AR$9,0))-SUM(F24:Q24),MAX(0,'Vergi'!R11-SUM(R13:R23))),0) | S24: =IF(AND('Zaman'!S9>12,'Zaman'!S9-12<=5),MIN(INDEX('Vergi'!$F$10:$AR$10,MATCH(12,'Zaman'!$F$9:$AR$9,0))-SUM(F24:R24),MAX(0,'Vergi'!S11-SUM(S13:S23))),0) | T24: =IF(AND('Zaman'!T9>12,'Zaman'!T9-12<=5),MIN(INDEX('Vergi'!$F$10:$AR$10,MATCH(12,'Zaman'!$F$9:$AR$9,0))-SUM(F24:S24),MAX(0,'Vergi'!T11-SUM(T13:T23))),0) | U24: =IF(AND('Zaman'!U9>12,'Zaman'!U9-12<=5),MIN(INDEX('Vergi'!$F$10:$AR$10,MATCH(12,'Zaman'!$F$9:$AR$9,0))-SUM(F24:T24),MAX(0,'Vergi'!U11-SUM(U13:U23))),0) | V24: =IF(AND('Zaman'!V9>12,'Zaman'!V9-12<=5),MIN(INDEX('Vergi'!$F$10:$AR$10,MATCH(12,'Zaman'!$F$9:$AR$9,0))-SUM(F24:U24),MAX(0,'Vergi'!V11-SUM(V13:V23))),0) | W24: =IF(AND('Zaman'!W9>12,'Zaman'!W9-12<=5),MIN(INDEX('Vergi'!$F$10:$AR$10,MATCH(12,'Zaman'!$F$9:$AR$9,0))-SUM(F24:V24),MAX(0,'Vergi'!W11-SUM(W13:W23))),0) | X24: =IF(AND('Zaman'!X9>12,'Zaman'!X9-12<=5),MIN(INDEX('Vergi'!$F$10:$AR$10,MATCH(12,'Zaman'!$F$9:$AR$9,0))-SUM(F24:W24),MAX(0,'Vergi'!X11-SUM(X13:X23))),0) | Y24: =IF(AND('Zaman'!Y9>12,'Zaman'!Y9-12<=5),MIN(INDEX('Vergi'!$F$10:$AR$10,MATCH(12,'Zaman'!$F$9:$AR$9,0))-SUM(F24:X24),MAX(0,'Vergi'!Y11-SUM(Y13:Y23))),0) | Z24: =IF(AND('Zaman'!Z9>12,'Zaman'!Z9-12<=5),MIN(INDEX('Vergi'!$F$10:$AR$10,MATCH(12,'Zaman'!$F$9:$AR$9,0))-SUM(F24:Y24),MAX(0,'Vergi'!Z11-SUM(Z13:Z23))),0) | AA24: =IF(AND('Zaman'!AA9>12,'Zaman'!AA9-12<=5),MIN(INDEX('Vergi'!$F$10:$AR$10,MATCH(12,'Zaman'!$F$9:$AR$9,0))-SUM(F24:Z24),MAX(0,'Vergi'!AA11-SUM(AA13:AA23))),0) | AB24: =IF(AND('Zaman'!AB9>12,'Zaman'!AB9-12<=5),MIN(INDEX('Vergi'!$F$10:$AR$10,MATCH(12,'Zaman'!$F$9:$AR$9,0))-SUM(F24:AA24),MAX(0,'Vergi'!AB11-SUM(AB13:AB23))),0) | AC24: =IF(AND('Zaman'!AC9>12,'Zaman'!AC9-12<=5),MIN(INDEX('Vergi'!$F$10:$AR$10,MATCH(12,'Zaman'!$F$9:$AR$9,0))-SUM(F24:AB24),MAX(0,'Vergi'!AC11-SUM(AC13:AC23))),0) | AD24: =IF(AND('Zaman'!AD9>12,'Zaman'!AD9-12<=5),MIN(INDEX('Vergi'!$F$10:$AR$10,MATCH(12,'Zaman'!$F$9:$AR$9,0))-SUM(F24:AC24),MAX(0,'Vergi'!AD11-SUM(AD13:AD23))),0) | AE24: =IF(AND('Zaman'!AE9>12,'Zaman'!AE9-12<=5),MIN(INDEX('Vergi'!$F$10:$AR$10,MATCH(12,'Zaman'!$F$9:$AR$9,0))-SUM(F24:AD24),MAX(0,'Vergi'!AE11-SUM(AE13:AE23))),0) | AF24: =IF(AND('Zaman'!AF9>12,'Zaman'!AF9-12<=5),MIN(INDEX('Vergi'!$F$10:$AR$10,MATCH(12,'Zaman'!$F$9:$AR$9,0))-SUM(F24:AE24),MAX(0,'Vergi'!AF11-SUM(AF13:AF23))),0) | AG24: =IF(AND('Zaman'!AG9>12,'Zaman'!AG9-12<=5),MIN(INDEX('Vergi'!$F$10:$AR$10,MATCH(12,'Zaman'!$F$9:$AR$9,0))-SUM(F24:AF24),MAX(0,'Vergi'!AG11-SUM(AG13:AG23))),0) | AH24: =IF(AND('Zaman'!AH9>12,'Zaman'!AH9-12<=5),MIN(INDEX('Vergi'!$F$10:$AR$10,MATCH(12,'Zaman'!$F$9:$AR$9,0))-SUM(F24:AG24),MAX(0,'Vergi'!AH11-SUM(AH13:AH23))),0) | AI24: =IF(AND('Zaman'!AI9>12,'Zaman'!AI9-12<=5),MIN(INDEX('Vergi'!$F$10:$AR$10,MATCH(12,'Zaman'!$F$9:$AR$9,0))-SUM(F24:AH24),MAX(0,'Vergi'!AI11-SUM(AI13:AI23))),0) | AJ24: =IF(AND('Zaman'!AJ9>12,'Zaman'!AJ9-12<=5),MIN(INDEX('Vergi'!$F$10:$AR$10,MATCH(12,'Zaman'!$F$9:$AR$9,0))-SUM(F24:AI24),MAX(0,'Vergi'!AJ11-SUM(AJ13:AJ23))),0) | AK24: =IF(AND('Zaman'!AK9>12,'Zaman'!AK9-12<=5),MIN(INDEX('Vergi'!$F$10:$AR$10,MATCH(12,'Zaman'!$F$9:$AR$9,0))-SUM(F24:AJ24),MAX(0,'Vergi'!AK11-SUM(AK13:AK23))),0) | AL24: =IF(AND('Zaman'!AL9>12,'Zaman'!AL9-12<=5),MIN(INDEX('Vergi'!$F$10:$AR$10,MATCH(12,'Zaman'!$F$9:$AR$9,0))-SUM(F24:AK24),MAX(0,'Vergi'!AL11-SUM(AL13:AL23))),0) | AM24: =IF(AND('Zaman'!AM9>12,'Zaman'!AM9-12<=5),MIN(INDEX('Vergi'!$F$10:$AR$10,MATCH(12,'Zaman'!$F$9:$AR$9,0))-SUM(F24:AL24),MAX(0,'Vergi'!AM11-SUM(AM13:AM23))),0) | AN24: =IF(AND('Zaman'!AN9>12,'Zaman'!AN9-12<=5),MIN(INDEX('Vergi'!$F$10:$AR$10,MATCH(12,'Zaman'!$F$9:$AR$9,0))-SUM(F24:AM24),MAX(0,'Vergi'!AN11-SUM(AN13:AN23))),0) | AO24: =IF(AND('Zaman'!AO9>12,'Zaman'!AO9-12<=5),MIN(INDEX('Vergi'!$F$10:$AR$10,MATCH(12,'Zaman'!$F$9:$AR$9,0))-SUM(F24:AN24),MAX(0,'Vergi'!AO11-SUM(AO13:AO23))),0) | AP24: =IF(AND('Zaman'!AP9>12,'Zaman'!AP9-12<=5),MIN(INDEX('Vergi'!$F$10:$AR$10,MATCH(12,'Zaman'!$F$9:$AR$9,0))-SUM(F24:AO24),MAX(0,'Vergi'!AP11-SUM(AP13:AP23))),0) | AQ24: =IF(AND('Zaman'!AQ9>12,'Zaman'!AQ9-12<=5),MIN(INDEX('Vergi'!$F$10:$AR$10,MATCH(12,'Zaman'!$F$9:$AR$9,0))-SUM(F24:AP24),MAX(0,'Vergi'!AQ11-SUM(AQ13:AQ23))),0) | AR24: =IF(AND('Zaman'!AR9>12,'Zaman'!AR9-12<=5),MIN(INDEX('Vergi'!$F$10:$AR$10,MATCH(12,'Zaman'!$F$9:$AR$9,0))-SUM(F24:AQ24),MAX(0,'Vergi'!AR11-SUM(AR13:AR23))),0)
